path,size_bytes,width,height,ext,folder_guess,last_modified
/public/hero.jpg,19396,320,239,jpg,hero.jpg,2026-01-04T15:29:31+0100
/public/images/clients/client-08.svg,81429,400,435,svg,images,2025-12-21T15:37:45+0100
/public/images/clients/client-09.svg,51264,400,400,svg,images,2025-12-21T15:37:45+0100
/public/images/clients/client-07.svg,103235,400,138,svg,images,2025-12-21T15:37:45+0100
/public/images/clients/client-12.svg,35402,400,122,svg,images,2025-12-21T15:37:45+0100
/public/images/clients/client-06.svg,72746,400,102,svg,images,2025-12-21T15:37:45+0100
/public/images/clients/client-10.svg,30166,400,119,svg,images,2025-12-21T15:37:45+0100
/public/images/clients/client-04.svg,139349,400,214,svg,images,2025-12-21T15:37:45+0100
/public/images/clients/client-05.svg,62231,400,120,svg,images,2025-12-21T15:37:45+0100
/public/images/clients/client-11.svg,24275,400,149,svg,images,2025-12-21T15:37:45+0100
/public/images/clients/client-01.svg,35402,400,122,svg,images,2025-12-21T15:37:44+0100
/public/images/clients/client-02.svg,72455,400,124,svg,images,2025-12-21T15:37:44+0100
/public/images/clients/client-03.svg,131960,400,161,svg,images,2025-12-21T15:37:44+0100
/public/images/partners/bounce-logo.svg,432,320,96,svg,images,2026-01-01T22:53:29+0100
/public/images/partners/iamrobot-logo.svg,619,320,96,svg,images,2026-01-01T22:53:36+0100
/public/images/partners/nannybag-logo.svg,536,320,96,svg,images,2026-01-01T22:53:39+0100
/public/images/partners/tum-logo.svg,670,320,96,svg,images,2026-01-01T22:53:33+0100
/public/images/placeholder.svg,518,512,512,svg,images,2026-01-01T22:53:26+0100
/public/Velo Gallery/gin-tasting-640w.webp,39020,640,427,webp,Velo Gallery,2026-01-04T14:47:36+0100
/public/Velo Gallery/gallery-carousel/our story -80w.webp,1098,,,webp,Velo Gallery,2026-01-04T15:00:57+0100
/public/Velo Gallery/gallery-carousel/DSC07929-640w.jpg,53227,,,jpg,Velo Gallery,2026-01-04T14:47:13+0100
/public/Velo Gallery/gallery-carousel/Galerie-320w.webp,10486,,,webp,Velo Gallery,2026-01-04T14:47:02+0100
/public/Velo Gallery/gallery-carousel/DSC08563.jpg,2222988,,,jpg,Velo Gallery,2026-01-03T17:02:18+0100
/public/Velo Gallery/gallery-carousel/A7401220-640w.jpg,52651,,,jpg,Velo Gallery,2026-01-04T14:47:27+0100
/public/Velo Gallery/gallery-carousel/TeamEvent und Workshops.jpg,27803242,,,jpg,Velo Gallery,2026-01-03T17:02:24+0100
/public/Velo Gallery/gallery-carousel/20230326-DSC05298-640w.jpg,48488,,,jpg,Velo Gallery,2026-01-04T14:47:29+0100
/public/Velo Gallery/gallery-carousel/our story .JPG,19991306,,,jpg,Velo Gallery,2026-01-03T17:02:15+0100
/public/Velo Gallery/gallery-carousel/A7401419-120w.webp,4862,,,webp,Velo Gallery,2026-01-04T15:00:53+0100
/public/Velo Gallery/gallery-carousel/Team-640w.jpg,40444,,,jpg,Velo Gallery,2026-01-04T14:46:50+0100
/public/Velo Gallery/gallery-carousel/Team.JPG,27511305,,,jpg,Velo Gallery,2026-01-03T17:02:24+0100
/public/Velo Gallery/gallery-carousel/Basil smash-320w.webp,16104,,,webp,Velo Gallery,2026-01-04T14:47:26+0100
/public/Velo Gallery/gallery-carousel/CD2A9D8A-EC59-4ACB-87BE-F348982277BD-120w.webp,4782,,,webp,Velo Gallery,2026-01-04T15:00:53+0100
/public/Velo Gallery/gallery-carousel/DSC00391-640w.jpg,74341,,,jpg,Velo Gallery,2026-01-04T14:47:19+0100
/public/Velo Gallery/gallery-carousel/IMG_5863-640w.webp,50246,,,webp,Velo Gallery,2026-01-04T14:46:57+0100
/public/Velo Gallery/gallery-carousel/DSC07828-640w.webp,28686,,,webp,Velo Gallery,2026-01-04T14:47:16+0100
/public/Velo Gallery/gallery-carousel/G4-640w.webp,66434,,,webp,Velo Gallery,2026-01-04T14:47:06+0100
/public/Velo Gallery/gallery-carousel/DSC08372-640w.webp,37702,,,webp,Velo Gallery,2026-01-04T14:47:13+0100
/public/Velo Gallery/gallery-carousel/SPRITYVARIATIONE-120w.webp,2514,,,webp,Velo Gallery,2026-01-04T15:00:21+0100
/public/Velo Gallery/gallery-carousel/DSC00346-80w.webp,2314,,,webp,Velo Gallery,2026-01-04T15:00:47+0100
/public/Velo Gallery/gallery-carousel/DSC00260.jpg,13565944,,,jpg,Velo Gallery,2026-01-03T17:02:16+0100
/public/Velo Gallery/gallery-carousel/DSC00185-320w.jpg,21903,,,jpg,Velo Gallery,2026-01-04T14:47:23+0100
/public/Velo Gallery/gallery-carousel/20210910-DSC04622-640w.webp,44566,,,webp,Velo Gallery,2026-01-04T14:47:29+0100
/public/Velo Gallery/gallery-carousel/sebi.JPG,4151728,,,jpg,Velo Gallery,2026-01-03T17:02:18+0100
/public/Velo Gallery/gallery-carousel/Schenker-E-LKW-23-120w.webp,2466,,,webp,Velo Gallery,2026-01-04T15:00:20+0100
/public/Velo Gallery/gallery-carousel/DSC00418-120w.webp,2238,,,webp,Velo Gallery,2026-01-04T15:00:45+0100
/public/Velo Gallery/gallery-carousel/G7-120w.webp,2010,,,webp,Velo Gallery,2026-01-04T15:00:30+0100
/public/Velo Gallery/gallery-carousel/032B467F-3EC9-4C01-9B4D-C11C02CD8ED6-640w.jpg,62503,,,jpg,Velo Gallery,2026-01-04T14:47:32+0100
/public/Velo Gallery/gallery-carousel/DSC00260-640w.webp,36886,,,webp,Velo Gallery,2026-01-04T14:47:21+0100
/public/Velo Gallery/gallery-carousel/MINZ MARACUJA-320w.jpg,14352,,,jpg,Velo Gallery,2026-01-04T14:46:54+0100
/public/Velo Gallery/gallery-carousel/3767168a-4c5c-4d36-bf20-8e390b86336c-640w.jpg,42952,,,jpg,Velo Gallery,2026-01-04T14:47:28+0100
/public/Velo Gallery/gallery-carousel/DSC00391-320w.webp,19606,,,webp,Velo Gallery,2026-01-04T14:47:18+0100
/public/Velo Gallery/gallery-carousel/weihnachstfeier-80w.webp,1400,,,webp,Velo Gallery,2026-01-04T15:00:18+0100
/public/Velo Gallery/gallery-carousel/DSC08563-320w.webp,13084,,,webp,Velo Gallery,2026-01-04T14:47:12+0100
/public/Velo Gallery/gallery-carousel/DSC07850-80w.webp,1272,,,webp,Velo Gallery,2026-01-04T15:00:39+0100
/public/Velo Gallery/gallery-carousel/A7401220-120w.webp,2738,,,webp,Velo Gallery,2026-01-04T15:00:53+0100
/public/Velo Gallery/gallery-carousel/IMG_7543-640w.jpg,31189,,,jpg,Velo Gallery,2026-01-04T14:46:56+0100
/public/Velo Gallery/gallery-carousel/DSC00346-120w.webp,4062,,,webp,Velo Gallery,2026-01-04T15:00:47+0100
/public/Velo Gallery/gallery-carousel/Kontakt Sebi-320w.jpg,27495,,,jpg,Velo Gallery,2026-01-04T14:46:56+0100
/public/Velo Gallery/gallery-carousel/DSC08372-320w.jpg,17348,,,jpg,Velo Gallery,2026-01-04T14:47:13+0100
/public/Velo Gallery/gallery-carousel/DSC08372.jpg,2793861,,,jpg,Velo Gallery,2026-01-03T17:02:18+0100
/public/Velo Gallery/gallery-carousel/a30d6ea6-fa0a-4492-b744-7d3e13e444e6.JPG,410328,,,jpg,Velo Gallery,2026-01-03T17:02:24+0100
/public/Velo Gallery/gallery-carousel/Himbeer Hibiskus FIZZ-640w.jpg,78511,,,jpg,Velo Gallery,2026-01-04T14:47:01+0100
/public/Velo Gallery/gallery-carousel/why us -320w.jpg,14620,,,jpg,Velo Gallery,2026-01-04T14:47:09+0100
/public/Velo Gallery/gallery-carousel/DSC07929.jpg,18464162,,,jpg,Velo Gallery,2026-01-03T17:02:17+0100
/public/Velo Gallery/gallery-carousel/A7401318-320w.jpg,22941,,,jpg,Velo Gallery,2026-01-04T14:47:26+0100
/public/Velo Gallery/gallery-carousel/DSC00337-640w.jpg,55208,,,jpg,Velo Gallery,2026-01-04T14:47:20+0100
/public/Velo Gallery/gallery-carousel/DSC07875.jpg,11965161,,,jpg,Velo Gallery,2026-01-03T17:02:17+0100
/public/Velo Gallery/gallery-carousel/Firmenfeier-320w.jpg,17073,,,jpg,Velo Gallery,2026-01-04T14:47:10+0100
/public/Velo Gallery/gallery-carousel/IMG_5834-320w.jpg,30963,,,jpg,Velo Gallery,2026-01-04T14:46:59+0100
/public/Velo Gallery/gallery-carousel/20210814-DSC06342-320w.jpg,17779,,,jpg,Velo Gallery,2026-01-04T14:47:31+0100
/public/Velo Gallery/gallery-carousel/DSC09679-640w.webp,55744,,,webp,Velo Gallery,2026-01-04T14:47:11+0100
/public/Velo Gallery/gallery-carousel/IMG_3839-320w.jpg,34795,,,jpg,Velo Gallery,2026-01-04T14:47:00+0100
/public/Velo Gallery/gallery-carousel/Hochzeiten-320w.jpg,19396,,,jpg,Velo Gallery,2026-01-04T14:47:01+0100
/public/Velo Gallery/gallery-carousel/Firmenfeier-640w.webp,37896,,,webp,Velo Gallery,2026-01-04T14:47:10+0100
/public/Velo Gallery/gallery-carousel/DSC07875-640w.webp,11832,,,webp,Velo Gallery,2026-01-04T14:47:14+0100
/public/Velo Gallery/gallery-carousel/DSC03519-320w.jpg,15560,,,jpg,Velo Gallery,2026-01-04T14:47:17+0100
/public/Velo Gallery/gallery-carousel/IMG_7543.JPG,10716830,,,jpg,Velo Gallery,2026-01-03T17:02:22+0100
/public/Velo Gallery/gallery-carousel/DSC08563-80w.webp,1650,,,webp,Velo Gallery,2026-01-04T15:00:36+0100
/public/Velo Gallery/gallery-carousel/DSC00254-640w.jpg,61041,,,jpg,Velo Gallery,2026-01-04T14:47:22+0100
/public/Velo Gallery/gallery-carousel/9127B453-BD48-4C38-AE31-8963BB99F72D-320w.webp,16760,,,webp,Velo Gallery,2026-01-04T14:47:27+0100
/public/Velo Gallery/gallery-carousel/032B467F-3EC9-4C01-9B4D-C11C02CD8ED6-320w.webp,15506,,,webp,Velo Gallery,2026-01-04T14:47:32+0100
/public/Velo Gallery/gallery-carousel/2120d94a-01b1-4d15-8904-81955542d988-640w.jpg,58159,,,jpg,Velo Gallery,2026-01-04T14:47:28+0100
/public/Velo Gallery/gallery-carousel/9524cdce-648f-47e1-aac2-dda4fa56b5ec-120w.webp,3954,,,webp,Velo Gallery,2026-01-04T15:00:54+0100
/public/Velo Gallery/gallery-carousel/53D8BEA9-DC8B-4A1C-BBF0-7776EAE2FAA7-120w.webp,2158,,,webp,Velo Gallery,2026-01-04T15:00:54+0100
/public/Velo Gallery/gallery-carousel/sebi-640w.webp,29224,,,webp,Velo Gallery,2026-01-04T14:47:12+0100
/public/Velo Gallery/gallery-carousel/Galerie.jpg,13924321,,,jpg,Velo Gallery,2026-01-03T17:02:20+0100
/public/Velo Gallery/gallery-carousel/DSC09679-80w.webp,1472,,,webp,Velo Gallery,2026-01-04T15:00:36+0100
/public/Velo Gallery/gallery-carousel/Kontakt Sebi.JPG,386747,,,jpg,Velo Gallery,2026-01-03T17:02:22+0100
/public/Velo Gallery/gallery-carousel/MANGO ROSMARIN-80w.webp,1554,,,webp,Velo Gallery,2026-01-04T15:00:23+0100
/public/Velo Gallery/gallery-carousel/20230326-DSC05298-640w.webp,26158,,,webp,Velo Gallery,2026-01-04T14:47:28+0100
/public/Velo Gallery/gallery-carousel/5635c176-c3f9-4c04-880a-a5824c44b6e7-640w.webp,107072,,,webp,Velo Gallery,2026-01-04T14:47:27+0100
/public/Velo Gallery/gallery-carousel/DSC00337-120w.webp,3070,,,webp,Velo Gallery,2026-01-04T15:00:48+0100
/public/Velo Gallery/gallery-carousel/Team Lars-120w.webp,4160,,,webp,Velo Gallery,2026-01-04T15:00:19+0100
/public/Velo Gallery/gallery-carousel/Himbeer Hibiskus FIZZ-320w.webp,19064,,,webp,Velo Gallery,2026-01-04T14:47:01+0100
/public/Velo Gallery/gallery-carousel/DSC00418-640w.jpg,40257,,,jpg,Velo Gallery,2026-01-04T14:47:18+0100
/public/Velo Gallery/gallery-carousel/53D8BEA9-DC8B-4A1C-BBF0-7776EAE2FAA7-320w.jpg,15987,,,jpg,Velo Gallery,2026-01-04T14:47:27+0100
/public/Velo Gallery/gallery-carousel/G2-640w.webp,20884,,,webp,Velo Gallery,2026-01-04T14:47:08+0100
/public/Velo Gallery/gallery-carousel/G8-320w.jpg,9057,,,jpg,Velo Gallery,2026-01-04T14:47:03+0100
/public/Velo Gallery/gallery-carousel/5635c176-c3f9-4c04-880a-a5824c44b6e7-80w.webp,2268,,,webp,Velo Gallery,2026-01-04T15:00:54+0100
/public/Velo Gallery/gallery-carousel/5635c176-c3f9-4c04-880a-a5824c44b6e7.JPG,254154,,,jpg,Velo Gallery,2026-01-03T17:02:15+0100
/public/Velo Gallery/gallery-carousel/20210814-DSC06359.JPG,15947204,,,jpg,Velo Gallery,2026-01-03T17:02:14+0100
/public/Velo Gallery/gallery-carousel/20210910-DSC04622-640w.jpg,57465,,,jpg,Velo Gallery,2026-01-04T14:47:29+0100
/public/Velo Gallery/gallery-carousel/c8a071b1-b05a-4f91-8c11-cf1bd7348172-640w.webp,82842,,,webp,Velo Gallery,2026-01-04T14:46:47+0100
/public/Velo Gallery/gallery-carousel/DSC07850-320w.webp,6744,,,webp,Velo Gallery,2026-01-04T14:47:14+0100
/public/Velo Gallery/gallery-carousel/IMG_1440-80w.webp,2166,,,webp,Velo Gallery,2026-01-04T15:00:29+0100
/public/Velo Gallery/gallery-carousel/20210910-DSC04622.JPG,14086500,,,jpg,Velo Gallery,2026-01-03T17:02:15+0100
/public/Velo Gallery/gallery-carousel/Schenker-E-LKW-23.jpg,17337780,,,jpg,Velo Gallery,2026-01-03T17:02:23+0100
/public/Velo Gallery/gallery-carousel/1d4a0f80-a847-4418-a8e0-004c4582a2a0-640w.jpg,67253,,,jpg,Velo Gallery,2026-01-04T14:47:32+0100
/public/Velo Gallery/gallery-carousel/DSC00143-120w.webp,6474,,,webp,Velo Gallery,2026-01-04T15:00:53+0100
/public/Velo Gallery/gallery-carousel/Hochzeiten-640w.webp,66122,,,webp,Velo Gallery,2026-01-04T14:47:01+0100
/public/Velo Gallery/gallery-carousel/Gallerie-320w.webp,8882,,,webp,Velo Gallery,2026-01-04T14:47:02+0100
/public/Velo Gallery/gallery-carousel/Messen-640w.jpg,97664,,,jpg,Velo Gallery,2026-01-04T14:46:54+0100
/public/Velo Gallery/gallery-carousel/Messen.jpg,25853641,,,jpg,Velo Gallery,2026-01-03T17:02:23+0100
/public/Velo Gallery/gallery-carousel/9127B453-BD48-4C38-AE31-8963BB99F72D-80w.webp,1278,,,webp,Velo Gallery,2026-01-04T15:00:54+0100
/public/Velo Gallery/gallery-carousel/SPRITYVARIATIONE-320w.jpg,14251,,,jpg,Velo Gallery,2026-01-04T14:46:52+0100
/public/Velo Gallery/gallery-carousel/Schenker-E-LKW-70-640w.webp,45592,,,webp,Velo Gallery,2026-01-04T14:46:51+0100
/public/Velo Gallery/gallery-carousel/20210814-DSC06342-120w.webp,2618,,,webp,Velo Gallery,2026-01-04T15:00:59+0100
/public/Velo Gallery/gallery-carousel/2120d94a-01b1-4d15-8904-81955542d988-640w.webp,35872,,,webp,Velo Gallery,2026-01-04T14:47:28+0100
/public/Velo Gallery/gallery-carousel/DSC03519.jpeg,18716964,,,jpeg,Velo Gallery,2026-01-03T17:02:17+0100
/public/Velo Gallery/gallery-carousel/DSC07847-80w.webp,572,,,webp,Velo Gallery,2026-01-04T15:00:39+0100
/public/Velo Gallery/gallery-carousel/IMG_7543-640w.webp,18658,,,webp,Velo Gallery,2026-01-04T14:46:56+0100
/public/Velo Gallery/gallery-carousel/IMG_5863-80w.webp,2932,,,webp,Velo Gallery,2026-01-04T15:00:25+0100
/public/Velo Gallery/gallery-carousel/DSC07875-640w.jpg,22378,,,jpg,Velo Gallery,2026-01-04T14:47:14+0100
/public/Velo Gallery/gallery-carousel/IMG_6918-640w.webp,19856,,,webp,Velo Gallery,2026-01-04T14:46:57+0100
/public/Velo Gallery/gallery-carousel/G7-640w.jpg,29683,,,jpg,Velo Gallery,2026-01-04T14:47:04+0100
/public/Velo Gallery/gallery-carousel/DSC03519-120w.webp,2286,,,webp,Velo Gallery,2026-01-04T15:00:43+0100
/public/Velo Gallery/gallery-carousel/sebi-320w.jpg,20745,,,jpg,Velo Gallery,2026-01-04T14:47:12+0100
/public/Velo Gallery/gallery-carousel/Schenker-E-LKW-23-320w.jpg,16187,,,jpg,Velo Gallery,2026-01-04T14:46:52+0100
/public/Velo Gallery/gallery-carousel/3767168a-4c5c-4d36-bf20-8e390b86336c-120w.webp,2040,,,webp,Velo Gallery,2026-01-04T15:00:54+0100
/public/Velo Gallery/gallery-carousel/DSC00260-640w.jpg,63638,,,jpg,Velo Gallery,2026-01-04T14:47:21+0100
/public/Velo Gallery/gallery-carousel/IMG_6918.JPG,54386,,,jpg,Velo Gallery,2026-01-03T17:02:22+0100
/public/Velo Gallery/gallery-carousel/IMG_6918-320w.jpg,16880,,,jpg,Velo Gallery,2026-01-04T14:46:56+0100
/public/Velo Gallery/gallery-carousel/G3-320w.jpg,45834,,,jpg,Velo Gallery,2026-01-04T14:47:07+0100
/public/Velo Gallery/gallery-carousel/G2-320w.jpg,11852,,,jpg,Velo Gallery,2026-01-04T14:47:08+0100
/public/Velo Gallery/gallery-carousel/3767168a-4c5c-4d36-bf20-8e390b86336c.JPG,94324,,,jpg,Velo Gallery,2026-01-03T17:02:15+0100
/public/Velo Gallery/gallery-carousel/DSC00174-80w.webp,3032,,,webp,Velo Gallery,2026-01-04T15:00:51+0100
/public/Velo Gallery/gallery-carousel/MINZ MARACUJA-640w.webp,17380,,,webp,Velo Gallery,2026-01-04T14:46:54+0100
/public/Velo Gallery/gallery-carousel/our story -320w.webp,8022,,,webp,Velo Gallery,2026-01-04T14:47:30+0100
/public/Velo Gallery/gallery-carousel/53D8BEA9-DC8B-4A1C-BBF0-7776EAE2FAA7.JPG,161473,,,jpg,Velo Gallery,2026-01-03T17:02:15+0100
/public/Velo Gallery/gallery-carousel/DSC09679.JPG,24817060,,,jpg,Velo Gallery,2026-01-03T17:02:18+0100
/public/Velo Gallery/gallery-carousel/IMG_1440.JPG,6970758,,,jpg,Velo Gallery,2026-01-03T17:02:21+0100
/public/Velo Gallery/gallery-carousel/DSC07929-120w.webp,2978,,,webp,Velo Gallery,2026-01-04T15:00:37+0100
/public/Velo Gallery/gallery-carousel/DSC00143-320w.jpg,42951,,,jpg,Velo Gallery,2026-01-04T14:47:25+0100
/public/Velo Gallery/gallery-carousel/a30d6ea6-fa0a-4492-b744-7d3e13e444e6-80w.webp,1462,,,webp,Velo Gallery,2026-01-04T15:00:18+0100
/public/Velo Gallery/gallery-carousel/53D8BEA9-DC8B-4A1C-BBF0-7776EAE2FAA7-320w.webp,11100,,,webp,Velo Gallery,2026-01-04T14:47:27+0100
/public/Velo Gallery/gallery-carousel/FAA20C66-CF13-464D-8309-B200753B0391-320w.jpg,19338,,,jpg,Velo Gallery,2026-01-04T14:47:11+0100
/public/Velo Gallery/gallery-carousel/9524cdce-648f-47e1-aac2-dda4fa56b5ec-320w.webp,25376,,,webp,Velo Gallery,2026-01-04T14:47:27+0100
/public/Velo Gallery/gallery-carousel/G3.JPG,22117493,,,jpg,Velo Gallery,2026-01-03T17:02:19+0100
/public/Velo Gallery/gallery-carousel/032B467F-3EC9-4C01-9B4D-C11C02CD8ED6-120w.webp,2378,,,webp,Velo Gallery,2026-01-04T15:00:59+0100
/public/Velo Gallery/gallery-carousel/9127B453-BD48-4C38-AE31-8963BB99F72D-120w.webp,2584,,,webp,Velo Gallery,2026-01-04T15:00:54+0100
/public/Velo Gallery/gallery-carousel/DSC00174-640w.jpg,81440,,,jpg,Velo Gallery,2026-01-04T14:47:24+0100
/public/Velo Gallery/gallery-carousel/a30d6ea6-fa0a-4492-b744-7d3e13e444e6-640w.jpg,55585,,,jpg,Velo Gallery,2026-01-04T14:46:48+0100
/public/Velo Gallery/gallery-carousel/G5-640w.webp,45766,,,webp,Velo Gallery,2026-01-04T14:47:05+0100
/public/Velo Gallery/gallery-carousel/DSC00254-640w.webp,33580,,,webp,Velo Gallery,2026-01-04T14:47:22+0100
/public/Velo Gallery/gallery-carousel/DSC00174.jpg,15690356,,,jpg,Velo Gallery,2026-01-03T17:02:15+0100
/public/Velo Gallery/gallery-carousel/DSC07828.jpg,12570875,,,jpg,Velo Gallery,2026-01-03T17:02:17+0100
/public/Velo Gallery/gallery-carousel/G7-80w.webp,1224,,,webp,Velo Gallery,2026-01-04T15:00:30+0100
/public/Velo Gallery/gallery-carousel/CD2A9D8A-EC59-4ACB-87BE-F348982277BD-320w.jpg,33346,,,jpg,Velo Gallery,2026-01-04T14:47:25+0100
/public/Velo Gallery/gallery-carousel/DSC00260-80w.webp,2424,,,webp,Velo Gallery,2026-01-04T15:00:48+0100
/public/Velo Gallery/gallery-carousel/DSC07847-640w.webp,9988,,,webp,Velo Gallery,2026-01-04T14:47:15+0100
/public/Velo Gallery/gallery-carousel/6353f60f-e06b-4a82-9faf-afec2a55a9fd-640w.webp,43916,,,webp,Velo Gallery,2026-01-04T14:47:27+0100
/public/Velo Gallery/gallery-carousel/DSC07850-120w.webp,2042,,,webp,Velo Gallery,2026-01-04T15:00:39+0100
/public/Velo Gallery/gallery-carousel/DSC07875-80w.webp,1016,,,webp,Velo Gallery,2026-01-04T15:00:38+0100
/public/Velo Gallery/gallery-carousel/IMG_5863-640w.jpg,83097,,,jpg,Velo Gallery,2026-01-04T14:46:57+0100
/public/Velo Gallery/gallery-carousel/DSC07847-640w.jpg,18140,,,jpg,Velo Gallery,2026-01-04T14:47:16+0100
/public/Velo Gallery/gallery-carousel/20210814-DSC06359-320w.jpg,27038,,,jpg,Velo Gallery,2026-01-04T14:47:31+0100
/public/Velo Gallery/gallery-carousel/IMG_1440-640w.jpg,88601,,,jpg,Velo Gallery,2026-01-04T14:47:00+0100
/public/Velo Gallery/gallery-carousel/9127B453-BD48-4C38-AE31-8963BB99F72D-640w.jpg,66850,,,jpg,Velo Gallery,2026-01-04T14:47:27+0100
/public/Velo Gallery/gallery-carousel/Himbeer Hibiskus FIZZ-120w.webp,3988,,,webp,Velo Gallery,2026-01-04T15:00:29+0100
/public/Velo Gallery/gallery-carousel/Team Lars-320w.webp,20946,,,webp,Velo Gallery,2026-01-04T14:46:50+0100
/public/Velo Gallery/gallery-carousel/DSC00337-320w.webp,12374,,,webp,Velo Gallery,2026-01-04T14:47:20+0100
/public/Velo Gallery/gallery-carousel/Messen-80w.webp,2922,,,webp,Velo Gallery,2026-01-04T15:00:22+0100
/public/Velo Gallery/gallery-carousel/G2.JPG,19991306,,,jpg,Velo Gallery,2026-01-03T17:02:19+0100
/public/Velo Gallery/gallery-carousel/Galerie-320w.jpg,14094,,,jpg,Velo Gallery,2026-01-04T14:47:02+0100
/public/Velo Gallery/gallery-carousel/MANGO ROSMARIN-640w.webp,26952,,,webp,Velo Gallery,2026-01-04T14:46:55+0100
/public/Velo Gallery/gallery-carousel/1d4a0f80-a847-4418-a8e0-004c4582a2a0-80w.webp,1228,,,webp,Velo Gallery,2026-01-04T15:00:59+0100
/public/Velo Gallery/gallery-carousel/20210814-DSC06342-320w.webp,10390,,,webp,Velo Gallery,2026-01-04T14:47:31+0100
/public/Velo Gallery/gallery-carousel/5635c176-c3f9-4c04-880a-a5824c44b6e7-640w.jpg,136744,,,jpg,Velo Gallery,2026-01-04T14:47:27+0100
/public/Velo Gallery/gallery-carousel/Kontakt Sebi-640w.webp,45302,,,webp,Velo Gallery,2026-01-04T14:46:56+0100
/public/Velo Gallery/gallery-carousel/TeamEvent und Workshops-320w.jpg,49496,,,jpg,Velo Gallery,2026-01-04T14:46:48+0100
/public/Velo Gallery/gallery-carousel/20210910-DSC04622-80w.webp,1486,,,webp,Velo Gallery,2026-01-04T15:00:56+0100
/public/Velo Gallery/gallery-carousel/6353f60f-e06b-4a82-9faf-afec2a55a9fd-320w.jpg,17990,,,jpg,Velo Gallery,2026-01-04T14:47:27+0100
/public/Velo Gallery/gallery-carousel/G8-640w.webp,15316,,,webp,Velo Gallery,2026-01-04T14:47:03+0100
/public/Velo Gallery/gallery-carousel/FAA20C66-CF13-464D-8309-B200753B0391-640w.webp,52294,,,webp,Velo Gallery,2026-01-04T14:47:11+0100
/public/Velo Gallery/gallery-carousel/MANGO ROSMARIN-640w.jpg,51582,,,jpg,Velo Gallery,2026-01-04T14:46:55+0100
/public/Velo Gallery/gallery-carousel/Team Lars.JPG,117457,,,jpg,Velo Gallery,2026-01-03T17:02:23+0100
/public/Velo Gallery/gallery-carousel/DSC00418-80w.webp,1266,,,webp,Velo Gallery,2026-01-04T15:00:45+0100
/public/Velo Gallery/gallery-carousel/Team Lars-320w.jpg,28924,,,jpg,Velo Gallery,2026-01-04T14:46:50+0100
/public/Velo Gallery/gallery-carousel/9127B453-BD48-4C38-AE31-8963BB99F72D.JPG,3048216,,,jpg,Velo Gallery,2026-01-03T17:02:15+0100
/public/Velo Gallery/gallery-carousel/Gallerie-120w.webp,2442,,,webp,Velo Gallery,2026-01-04T15:00:29+0100
/public/Velo Gallery/gallery-carousel/DSC00143-320w.webp,38864,,,webp,Velo Gallery,2026-01-04T14:47:24+0100
/public/Velo Gallery/gallery-carousel/2120d94a-01b1-4d15-8904-81955542d988-80w.webp,1336,,,webp,Velo Gallery,2026-01-04T15:00:54+0100
/public/Velo Gallery/gallery-carousel/G4-320w.jpg,32695,,,jpg,Velo Gallery,2026-01-04T14:47:06+0100
/public/Velo Gallery/gallery-carousel/DSC00254-80w.webp,1852,,,webp,Velo Gallery,2026-01-04T15:00:49+0100
/public/Velo Gallery/gallery-carousel/our story -120w.webp,1926,,,webp,Velo Gallery,2026-01-04T15:00:57+0100
/public/Velo Gallery/gallery-carousel/G5-320w.jpg,18733,,,jpg,Velo Gallery,2026-01-04T14:47:05+0100
/public/Velo Gallery/gallery-carousel/9524cdce-648f-47e1-aac2-dda4fa56b5ec-320w.jpg,32981,,,jpg,Velo Gallery,2026-01-04T14:47:27+0100
/public/Velo Gallery/gallery-carousel/DSC09679-640w.jpg,66252,,,jpg,Velo Gallery,2026-01-04T14:47:12+0100
/public/Velo Gallery/gallery-carousel/DSC07929-320w.webp,15476,,,webp,Velo Gallery,2026-01-04T14:47:13+0100
/public/Velo Gallery/gallery-carousel/IMG_3839.jpg,677930,,,jpg,Velo Gallery,2026-01-03T17:02:21+0100
/public/Velo Gallery/gallery-carousel/a30d6ea6-fa0a-4492-b744-7d3e13e444e6-640w.webp,38906,,,webp,Velo Gallery,2026-01-04T14:46:48+0100
/public/Velo Gallery/gallery-carousel/DSC03519-320w.webp,8718,,,webp,Velo Gallery,2026-01-04T14:47:17+0100
/public/Velo Gallery/gallery-carousel/IMG_5834-640w.webp,50754,,,webp,Velo Gallery,2026-01-04T14:46:59+0100
/public/Velo Gallery/gallery-carousel/DSC08563-640w.jpg,46330,,,jpg,Velo Gallery,2026-01-04T14:47:12+0100
/public/Velo Gallery/gallery-carousel/3767168a-4c5c-4d36-bf20-8e390b86336c-320w.webp,9762,,,webp,Velo Gallery,2026-01-04T14:47:27+0100
/public/Velo Gallery/gallery-carousel/why us -640w.webp,24858,,,webp,Velo Gallery,2026-01-04T14:47:09+0100
/public/Velo Gallery/gallery-carousel/weihnachstfeier-640w.webp,46406,,,webp,Velo Gallery,2026-01-04T14:46:47+0100
/public/Velo Gallery/gallery-carousel/Basil smash-120w.webp,3576,,,webp,Velo Gallery,2026-01-04T15:00:53+0100
/public/Velo Gallery/gallery-carousel/G5.jpg,35575831,,,jpg,Velo Gallery,2026-01-03T17:02:20+0100
/public/Velo Gallery/gallery-carousel/A7401419-320w.webp,23754,,,webp,Velo Gallery,2026-01-04T14:47:26+0100
/public/Velo Gallery/gallery-carousel/2120d94a-01b1-4d15-8904-81955542d988.JPG,321273,,,jpg,Velo Gallery,2026-01-03T17:02:15+0100
/public/Velo Gallery/gallery-carousel/Hochzeiten.JPG,765562,,,jpg,Velo Gallery,2026-01-03T17:02:21+0100
/public/Velo Gallery/gallery-carousel/CD2A9D8A-EC59-4ACB-87BE-F348982277BD-320w.webp,30954,,,webp,Velo Gallery,2026-01-04T14:47:25+0100
/public/Velo Gallery/gallery-carousel/IMG_3839-640w.webp,110964,,,webp,Velo Gallery,2026-01-04T14:47:00+0100
/public/Velo Gallery/gallery-carousel/DSC00337-80w.webp,1748,,,webp,Velo Gallery,2026-01-04T15:00:47+0100
/public/Velo Gallery/gallery-carousel/A7401419-320w.jpg,31468,,,jpg,Velo Gallery,2026-01-04T14:47:26+0100
/public/Velo Gallery/gallery-carousel/DSC00209-320w.jpg,21663,,,jpg,Velo Gallery,2026-01-04T14:47:22+0100
/public/Velo Gallery/gallery-carousel/DSC00209-640w.webp,29400,,,webp,Velo Gallery,2026-01-04T14:47:22+0100
/public/Velo Gallery/gallery-carousel/1d4a0f80-a847-4418-a8e0-004c4582a2a0-640w.webp,58288,,,webp,Velo Gallery,2026-01-04T14:47:32+0100
/public/Velo Gallery/gallery-carousel/Galerie-120w.webp,2244,,,webp,Velo Gallery,2026-01-04T15:00:30+0100
/public/Velo Gallery/gallery-carousel/Himbeer Hibiskus FIZZ-80w.webp,2218,,,webp,Velo Gallery,2026-01-04T15:00:29+0100
/public/Velo Gallery/gallery-carousel/G3-640w.webp,130572,,,webp,Velo Gallery,2026-01-04T14:47:07+0100
/public/Velo Gallery/gallery-carousel/IMG_1440-640w.webp,60484,,,webp,Velo Gallery,2026-01-04T14:47:00+0100
/public/Velo Gallery/gallery-carousel/G7-320w.webp,7264,,,webp,Velo Gallery,2026-01-04T14:47:04+0100
/public/Velo Gallery/gallery-carousel/DSC08563-120w.webp,3008,,,webp,Velo Gallery,2026-01-04T15:00:36+0100
/public/Velo Gallery/gallery-carousel/DSC00391-120w.webp,5150,,,webp,Velo Gallery,2026-01-04T15:00:46+0100
/public/Velo Gallery/gallery-carousel/Team-640w.webp,25948,,,webp,Velo Gallery,2026-01-04T14:46:50+0100
/public/Velo Gallery/gallery-carousel/Schenker-E-LKW-70-320w.jpg,25016,,,jpg,Velo Gallery,2026-01-04T14:46:51+0100
/public/Velo Gallery/gallery-carousel/DSC07850-640w.jpg,33636,,,jpg,Velo Gallery,2026-01-04T14:47:15+0100
/public/Velo Gallery/gallery-carousel/20210814-DSC06359-640w.webp,45124,,,webp,Velo Gallery,2026-01-04T14:47:31+0100
/public/Velo Gallery/gallery-carousel/DSC00185-640w.webp,32424,,,webp,Velo Gallery,2026-01-04T14:47:23+0100
/public/Velo Gallery/gallery-carousel/SPRITYVARIATIONE-320w.webp,10206,,,webp,Velo Gallery,2026-01-04T14:46:52+0100
/public/Velo Gallery/gallery-carousel/DSC00418-320w.webp,10476,,,webp,Velo Gallery,2026-01-04T14:47:18+0100
/public/Velo Gallery/gallery-carousel/Schenker-E-LKW-23-320w.webp,9692,,,webp,Velo Gallery,2026-01-04T14:46:52+0100
/public/Velo Gallery/gallery-carousel/IMG_7543-80w.webp,1154,,,webp,Velo Gallery,2026-01-04T15:00:24+0100
/public/Velo Gallery/gallery-carousel/G4.JPG,21546420,,,jpg,Velo Gallery,2026-01-03T17:02:19+0100
/public/Velo Gallery/gallery-carousel/032B467F-3EC9-4C01-9B4D-C11C02CD8ED6-80w.webp,1168,,,webp,Velo Gallery,2026-01-04T15:00:59+0100
/public/Velo Gallery/gallery-carousel/IMG_5863.JPG,18429288,,,jpg,Velo Gallery,2026-01-03T17:02:22+0100
/public/Velo Gallery/gallery-carousel/weihnachstfeier-640w.jpg,60393,,,jpg,Velo Gallery,2026-01-04T14:46:47+0100
/public/Velo Gallery/gallery-carousel/3767168a-4c5c-4d36-bf20-8e390b86336c-80w.webp,1114,,,webp,Velo Gallery,2026-01-04T15:00:54+0100
/public/Velo Gallery/gallery-carousel/Messen-640w.webp,62426,,,webp,Velo Gallery,2026-01-04T14:46:53+0100
/public/Velo Gallery/gallery-carousel/A7401220-320w.webp,13948,,,webp,Velo Gallery,2026-01-04T14:47:27+0100
/public/Velo Gallery/gallery-carousel/DSC00346-640w.jpg,63840,,,jpg,Velo Gallery,2026-01-04T14:47:19+0100
/public/Velo Gallery/gallery-carousel/DSC07828-320w.jpg,19693,,,jpg,Velo Gallery,2026-01-04T14:47:16+0100
/public/Velo Gallery/gallery-carousel/why us .jpg,24705230,,,jpg,Velo Gallery,2026-01-03T17:02:19+0100
/public/Velo Gallery/gallery-carousel/DSC00346-320w.webp,14980,,,webp,Velo Gallery,2026-01-04T14:47:19+0100
/public/Velo Gallery/gallery-carousel/DSC00174-640w.webp,50542,,,webp,Velo Gallery,2026-01-04T14:47:24+0100
/public/Velo Gallery/gallery-carousel/A7401318-640w.webp,39880,,,webp,Velo Gallery,2026-01-04T14:47:26+0100
/public/Velo Gallery/gallery-carousel/Team-80w.webp,1184,,,webp,Velo Gallery,2026-01-04T15:00:19+0100
/public/Velo Gallery/gallery-carousel/20230326-DSC05298-80w.webp,1566,,,webp,Velo Gallery,2026-01-04T15:00:55+0100
/public/Velo Gallery/gallery-carousel/A7401220-80w.webp,1358,,,webp,Velo Gallery,2026-01-04T15:00:53+0100
/public/Velo Gallery/gallery-carousel/DSC00391-80w.webp,2896,,,webp,Velo Gallery,2026-01-04T15:00:46+0100
/public/Velo Gallery/gallery-carousel/Basil smash-320w.jpg,23073,,,jpg,Velo Gallery,2026-01-04T14:47:26+0100
/public/Velo Gallery/gallery-carousel/Gallerie-320w.jpg,16121,,,jpg,Velo Gallery,2026-01-04T14:47:02+0100
/public/Velo Gallery/gallery-carousel/DSC07929-80w.webp,1464,,,webp,Velo Gallery,2026-01-04T15:00:37+0100
/public/Velo Gallery/gallery-carousel/c8a071b1-b05a-4f91-8c11-cf1bd7348172-320w.jpg,30896,,,jpg,Velo Gallery,2026-01-04T14:46:47+0100
/public/Velo Gallery/gallery-carousel/our story -640w.jpg,33840,,,jpg,Velo Gallery,2026-01-04T14:47:30+0100
/public/Velo Gallery/gallery-carousel/TeamEvent und Workshops-640w.webp,148320,,,webp,Velo Gallery,2026-01-04T14:46:49+0100
/public/Velo Gallery/gallery-carousel/G7.jpg,13982501,,,jpg,Velo Gallery,2026-01-03T17:02:20+0100
/public/Velo Gallery/gallery-carousel/DSC07847-120w.webp,916,,,webp,Velo Gallery,2026-01-04T15:00:39+0100
/public/Velo Gallery/gallery-carousel/DSC07875-320w.webp,5274,,,webp,Velo Gallery,2026-01-04T14:47:14+0100
/public/Velo Gallery/gallery-carousel/TeamEvent und Workshops-640w.jpg,163213,,,jpg,Velo Gallery,2026-01-04T14:46:49+0100
/public/Velo Gallery/gallery-carousel/5635c176-c3f9-4c04-880a-a5824c44b6e7-320w.jpg,38256,,,jpg,Velo Gallery,2026-01-04T14:47:27+0100
/public/Velo Gallery/gallery-carousel/Schenker-E-LKW-70.jpg,18901023,,,jpg,Velo Gallery,2026-01-03T17:02:23+0100
/public/Velo Gallery/gallery-carousel/G8-80w.webp,844,,,webp,Velo Gallery,2026-01-04T15:00:30+0100
/public/Velo Gallery/gallery-carousel/DSC09679-320w.webp,18968,,,webp,Velo Gallery,2026-01-04T14:47:11+0100
/public/Velo Gallery/gallery-carousel/Firmenfeier-320w.webp,13344,,,webp,Velo Gallery,2026-01-04T14:47:10+0100
/public/Velo Gallery/gallery-carousel/6353f60f-e06b-4a82-9faf-afec2a55a9fd-640w.jpg,58975,,,jpg,Velo Gallery,2026-01-04T14:47:27+0100
/public/Velo Gallery/gallery-carousel/A7401419.jpg,757761,,,jpg,Velo Gallery,2026-01-03T17:02:15+0100
/public/Velo Gallery/gallery-carousel/sebi-320w.webp,12948,,,webp,Velo Gallery,2026-01-04T14:47:12+0100
/public/Velo Gallery/gallery-carousel/G5-120w.webp,2810,,,webp,Velo Gallery,2026-01-04T15:00:31+0100
/public/Velo Gallery/gallery-carousel/DSC00254-120w.webp,3310,,,webp,Velo Gallery,2026-01-04T15:00:49+0100
/public/Velo Gallery/gallery-carousel/MANGO ROSMARIN-320w.jpg,18164,,,jpg,Velo Gallery,2026-01-04T14:46:55+0100
/public/Velo Gallery/gallery-carousel/032B467F-3EC9-4C01-9B4D-C11C02CD8ED6-640w.webp,60874,,,webp,Velo Gallery,2026-01-04T14:47:32+0100
/public/Velo Gallery/gallery-carousel/9127B453-BD48-4C38-AE31-8963BB99F72D-640w.webp,63044,,,webp,Velo Gallery,2026-01-04T14:47:27+0100
/public/Velo Gallery/gallery-carousel/53D8BEA9-DC8B-4A1C-BBF0-7776EAE2FAA7-80w.webp,1102,,,webp,Velo Gallery,2026-01-04T15:00:54+0100
/public/Velo Gallery/gallery-carousel/Team Lars-640w.jpg,86916,,,jpg,Velo Gallery,2026-01-04T14:46:50+0100
/public/Velo Gallery/gallery-carousel/MANGO ROSMARIN-120w.webp,2788,,,webp,Velo Gallery,2026-01-04T15:00:23+0100
/public/Velo Gallery/gallery-carousel/5635c176-c3f9-4c04-880a-a5824c44b6e7-320w.webp,31276,,,webp,Velo Gallery,2026-01-04T14:47:27+0100
/public/Velo Gallery/gallery-carousel/G5-640w.jpg,59668,,,jpg,Velo Gallery,2026-01-04T14:47:05+0100
/public/Velo Gallery/gallery-carousel/G4-640w.jpg,97882,,,jpg,Velo Gallery,2026-01-04T14:47:06+0100
/public/Velo Gallery/gallery-carousel/Himbeer Hibiskus FIZZ-640w.webp,48040,,,webp,Velo Gallery,2026-01-04T14:47:01+0100
/public/Velo Gallery/gallery-carousel/DSC09679-320w.jpg,21048,,,jpg,Velo Gallery,2026-01-04T14:47:11+0100
/public/Velo Gallery/gallery-carousel/9524cdce-648f-47e1-aac2-dda4fa56b5ec-640w.jpg,118511,,,jpg,Velo Gallery,2026-01-04T14:47:27+0100
/public/Velo Gallery/gallery-carousel/20230326-DSC05298-320w.webp,10790,,,webp,Velo Gallery,2026-01-04T14:47:28+0100
/public/Velo Gallery/gallery-carousel/IMG_3839-80w.webp,2206,,,webp,Velo Gallery,2026-01-04T15:00:28+0100
/public/Velo Gallery/gallery-carousel/Hochzeiten-80w.webp,1464,,,webp,Velo Gallery,2026-01-04T15:00:29+0100
/public/Velo Gallery/gallery-carousel/DSC07850-640w.webp,15094,,,webp,Velo Gallery,2026-01-04T14:47:15+0100
/public/Velo Gallery/gallery-carousel/c8a071b1-b05a-4f91-8c11-cf1bd7348172-320w.webp,25752,,,webp,Velo Gallery,2026-01-04T14:46:47+0100
/public/Velo Gallery/gallery-carousel/6353f60f-e06b-4a82-9faf-afec2a55a9fd-120w.webp,2982,,,webp,Velo Gallery,2026-01-04T15:00:54+0100
/public/Velo Gallery/gallery-carousel/DSC08563-320w.jpg,16893,,,jpg,Velo Gallery,2026-01-04T14:47:12+0100
/public/Velo Gallery/gallery-carousel/FAA20C66-CF13-464D-8309-B200753B0391.JPG,2599126,,,jpg,Velo Gallery,2026-01-03T17:02:18+0100
/public/Velo Gallery/gallery-carousel/G2-320w.webp,8022,,,webp,Velo Gallery,2026-01-04T14:47:08+0100
/public/Velo Gallery/gallery-carousel/DSC03519-80w.webp,1366,,,webp,Velo Gallery,2026-01-04T15:00:43+0100
/public/Velo Gallery/gallery-carousel/DSC00418.jpg,13924927,,,jpg,Velo Gallery,2026-01-03T17:02:17+0100
/public/Velo Gallery/gallery-carousel/9524cdce-648f-47e1-aac2-dda4fa56b5ec.JPG,226996,,,jpg,Velo Gallery,2026-01-03T17:02:15+0100
/public/Velo Gallery/gallery-carousel/Gallerie-640w.webp,20458,,,webp,Velo Gallery,2026-01-04T14:47:02+0100
/public/Velo Gallery/gallery-carousel/Hochzeiten-320w.webp,17338,,,webp,Velo Gallery,2026-01-04T14:47:00+0100
/public/Velo Gallery/gallery-carousel/FAA20C66-CF13-464D-8309-B200753B0391-640w.jpg,67642,,,jpg,Velo Gallery,2026-01-04T14:47:11+0100
/public/Velo Gallery/gallery-carousel/SPRITYVARIATIONE.jpg,1676372,,,jpg,Velo Gallery,2026-01-03T17:02:23+0100
/public/Velo Gallery/gallery-carousel/DSC00174-320w.jpg,30399,,,jpg,Velo Gallery,2026-01-04T14:47:24+0100
/public/Velo Gallery/gallery-carousel/FAA20C66-CF13-464D-8309-B200753B0391-120w.webp,2882,,,webp,Velo Gallery,2026-01-04T15:00:35+0100
/public/Velo Gallery/gallery-carousel/1d4a0f80-a847-4418-a8e0-004c4582a2a0.JPG,806199,,,jpg,Velo Gallery,2026-01-03T17:02:14+0100
/public/Velo Gallery/gallery-carousel/a30d6ea6-fa0a-4492-b744-7d3e13e444e6-320w.jpg,17791,,,jpg,Velo Gallery,2026-01-04T14:46:48+0100
/public/Velo Gallery/gallery-carousel/DSC00143-80w.webp,3062,,,webp,Velo Gallery,2026-01-04T15:00:52+0100
/public/Velo Gallery/gallery-carousel/IMG_7543-320w.webp,7396,,,webp,Velo Gallery,2026-01-04T14:46:56+0100
/public/Velo Gallery/gallery-carousel/G8-120w.webp,1386,,,webp,Velo Gallery,2026-01-04T15:00:30+0100
/public/Velo Gallery/gallery-carousel/IMG_6918-320w.webp,9266,,,webp,Velo Gallery,2026-01-04T14:46:56+0100
/public/Velo Gallery/gallery-carousel/A7401220.jpg,739847,,,jpg,Velo Gallery,2026-01-03T17:02:15+0100
/public/Velo Gallery/gallery-carousel/IMG_6918-80w.webp,1694,,,webp,Velo Gallery,2026-01-04T15:00:24+0100
/public/Velo Gallery/gallery-carousel/CD2A9D8A-EC59-4ACB-87BE-F348982277BD-640w.jpg,108523,,,jpg,Velo Gallery,2026-01-04T14:47:25+0100
/public/Velo Gallery/gallery-carousel/Schenker-E-LKW-70-320w.webp,16464,,,webp,Velo Gallery,2026-01-04T14:46:51+0100
/public/Velo Gallery/gallery-carousel/G3-80w.webp,3200,,,webp,Velo Gallery,2026-01-04T15:00:32+0100
/public/Velo Gallery/gallery-carousel/G2-80w.webp,1098,,,webp,Velo Gallery,2026-01-04T15:00:33+0100
/public/Velo Gallery/gallery-carousel/sebi-80w.webp,2136,,,webp,Velo Gallery,2026-01-04T15:00:37+0100
/public/Velo Gallery/gallery-carousel/2120d94a-01b1-4d15-8904-81955542d988-320w.webp,11722,,,webp,Velo Gallery,2026-01-04T14:47:28+0100
/public/Velo Gallery/gallery-carousel/Schenker-E-LKW-23-80w.webp,1444,,,webp,Velo Gallery,2026-01-04T15:00:20+0100
/public/Velo Gallery/gallery-carousel/Kontakt Sebi-120w.webp,4142,,,webp,Velo Gallery,2026-01-04T15:00:24+0100
/public/Velo Gallery/gallery-carousel/why us -120w.webp,2598,,,webp,Velo Gallery,2026-01-04T15:00:34+0100
/public/Velo Gallery/gallery-carousel/weihnachstfeier-120w.webp,2584,,,webp,Velo Gallery,2026-01-04T15:00:18+0100
/public/Velo Gallery/gallery-carousel/SPRITYVARIATIONE-80w.webp,1402,,,webp,Velo Gallery,2026-01-04T15:00:21+0100
/public/Velo Gallery/gallery-carousel/DSC00209.jpg,13280673,,,jpg,Velo Gallery,2026-01-03T17:02:16+0100
/public/Velo Gallery/gallery-carousel/IMG_5834-120w.webp,5032,,,webp,Velo Gallery,2026-01-04T15:00:28+0100
/public/Velo Gallery/gallery-carousel/DSC07847-320w.jpg,6709,,,jpg,Velo Gallery,2026-01-04T14:47:15+0100
/public/Velo Gallery/gallery-carousel/IMG_5863-320w.jpg,30976,,,jpg,Velo Gallery,2026-01-04T14:46:57+0100
/public/Velo Gallery/gallery-carousel/a30d6ea6-fa0a-4492-b744-7d3e13e444e6-120w.webp,2848,,,webp,Velo Gallery,2026-01-04T15:00:18+0100
/public/Velo Gallery/gallery-carousel/20210814-DSC06359-640w.jpg,74449,,,jpg,Velo Gallery,2026-01-04T14:47:31+0100
/public/Velo Gallery/gallery-carousel/DSC00143.jpg,22466104,,,jpg,Velo Gallery,2026-01-03T17:02:15+0100
/public/Velo Gallery/gallery-carousel/IMG_1440-320w.jpg,27981,,,jpg,Velo Gallery,2026-01-04T14:47:00+0100
/public/Velo Gallery/gallery-carousel/MINZ MARACUJA-320w.webp,7768,,,webp,Velo Gallery,2026-01-04T14:46:54+0100
/public/Velo Gallery/gallery-carousel/our story -640w.webp,20884,,,webp,Velo Gallery,2026-01-04T14:47:30+0100
/public/Velo Gallery/gallery-carousel/9127B453-BD48-4C38-AE31-8963BB99F72D-320w.jpg,17639,,,jpg,Velo Gallery,2026-01-04T14:47:27+0100
/public/Velo Gallery/gallery-carousel/G8.jpg,10264299,,,jpg,Velo Gallery,2026-01-03T17:02:20+0100
/public/Velo Gallery/gallery-carousel/Galerie-640w.jpg,40273,,,jpg,Velo Gallery,2026-01-04T14:47:03+0100
/public/Velo Gallery/gallery-carousel/1d4a0f80-a847-4418-a8e0-004c4582a2a0-120w.webp,2502,,,webp,Velo Gallery,2026-01-04T15:00:59+0100
/public/Velo Gallery/gallery-carousel/Galerie-640w.webp,27074,,,webp,Velo Gallery,2026-01-04T14:47:03+0100
/public/Velo Gallery/gallery-carousel/DSC00209-120w.webp,3746,,,webp,Velo Gallery,2026-01-04T15:00:50+0100
/public/Velo Gallery/gallery-carousel/weihnachstfeier.JPG,139127,,,jpg,Velo Gallery,2026-01-03T17:02:24+0100
/public/Velo Gallery/gallery-carousel/weihnachstfeier-320w.jpg,17801,,,jpg,Velo Gallery,2026-01-04T14:46:47+0100
/public/Velo Gallery/gallery-carousel/IMG_3839-120w.webp,4668,,,webp,Velo Gallery,2026-01-04T15:00:28+0100
/public/Velo Gallery/gallery-carousel/MINZ MARACUJA-80w.webp,1384,,,webp,Velo Gallery,2026-01-04T15:00:22+0100
/public/Velo Gallery/gallery-carousel/DSC07828-320w.webp,12064,,,webp,Velo Gallery,2026-01-04T14:47:16+0100
/public/Velo Gallery/gallery-carousel/G4-320w.webp,24676,,,webp,Velo Gallery,2026-01-04T14:47:06+0100
/public/Velo Gallery/gallery-carousel/DSC00185-80w.webp,2086,,,webp,Velo Gallery,2026-01-04T15:00:51+0100
/public/Velo Gallery/gallery-carousel/IMG_5863-320w.webp,22104,,,webp,Velo Gallery,2026-01-04T14:46:57+0100
/public/Velo Gallery/gallery-carousel/DSC08372-320w.webp,13578,,,webp,Velo Gallery,2026-01-04T14:47:13+0100
/public/Velo Gallery/gallery-carousel/DSC00346-320w.jpg,23883,,,jpg,Velo Gallery,2026-01-04T14:47:19+0100
/public/Velo Gallery/gallery-carousel/DSC07828-640w.jpg,54139,,,jpg,Velo Gallery,2026-01-04T14:47:16+0100
/public/Velo Gallery/gallery-carousel/Basil smash-640w.webp,40732,,,webp,Velo Gallery,2026-01-04T14:47:26+0100
/public/Velo Gallery/gallery-carousel/20210910-DSC04622-320w.webp,15618,,,webp,Velo Gallery,2026-01-04T14:47:29+0100
/public/Velo Gallery/gallery-carousel/MINZ MARACUJA.jpg,11517941,,,jpg,Velo Gallery,2026-01-03T17:02:23+0100
/public/Velo Gallery/gallery-carousel/20210814-DSC06359-120w.webp,4776,,,webp,Velo Gallery,2026-01-04T15:00:58+0100
/public/Velo Gallery/gallery-carousel/DSC00185-120w.webp,3498,,,webp,Velo Gallery,2026-01-04T15:00:51+0100
/public/Velo Gallery/gallery-carousel/Gallerie-640w.jpg,42767,,,jpg,Velo Gallery,2026-01-04T14:47:02+0100
/public/Velo Gallery/gallery-carousel/DSC00391-640w.webp,44990,,,webp,Velo Gallery,2026-01-04T14:47:18+0100
/public/Velo Gallery/gallery-carousel/Team-120w.webp,2174,,,webp,Velo Gallery,2026-01-04T15:00:19+0100
/public/Velo Gallery/gallery-carousel/Basil smash-640w.jpg,65892,,,jpg,Velo Gallery,2026-01-04T14:47:26+0100
/public/Velo Gallery/gallery-carousel/DSC00185.jpg,12919091,,,jpg,Velo Gallery,2026-01-03T17:02:16+0100
/public/Velo Gallery/gallery-carousel/CD2A9D8A-EC59-4ACB-87BE-F348982277BD.JPG,242404,,,jpg,Velo Gallery,2026-01-03T17:02:15+0100
/public/Velo Gallery/gallery-carousel/DSC08563-640w.webp,31636,,,webp,Velo Gallery,2026-01-04T14:47:12+0100
/public/Velo Gallery/gallery-carousel/our story -320w.jpg,11852,,,jpg,Velo Gallery,2026-01-04T14:47:30+0100
/public/Velo Gallery/gallery-carousel/c8a071b1-b05a-4f91-8c11-cf1bd7348172-640w.jpg,103446,,,jpg,Velo Gallery,2026-01-04T14:46:48+0100
/public/Velo Gallery/gallery-carousel/IMG_1440-120w.webp,4148,,,webp,Velo Gallery,2026-01-04T15:00:29+0100
/public/Velo Gallery/gallery-carousel/DSC00260-320w.webp,15792,,,webp,Velo Gallery,2026-01-04T14:47:21+0100
/public/Velo Gallery/gallery-carousel/G3-120w.webp,6824,,,webp,Velo Gallery,2026-01-04T15:00:32+0100
/public/Velo Gallery/gallery-carousel/DSC00346.jpg,14017059,,,jpg,Velo Gallery,2026-01-03T17:02:17+0100
/public/Velo Gallery/gallery-carousel/Firmenfeier-80w.webp,1350,,,webp,Velo Gallery,2026-01-04T15:00:35+0100
/public/Velo Gallery/gallery-carousel/DSC00174-120w.webp,5476,,,webp,Velo Gallery,2026-01-04T15:00:51+0100
/public/Velo Gallery/gallery-carousel/A7401318-120w.webp,3616,,,webp,Velo Gallery,2026-01-04T15:00:53+0100
/public/Velo Gallery/gallery-carousel/DSC00391.jpg,15163711,,,jpg,Velo Gallery,2026-01-03T17:02:17+0100
/public/Velo Gallery/gallery-carousel/optimized/Team.webp,116648,,,webp,Velo Gallery,2026-01-05T13:01:56+0100
/public/Velo Gallery/gallery-carousel/optimized/A7401318.webp,66594,,,webp,Velo Gallery,2026-01-05T13:02:17+0100
/public/Velo Gallery/gallery-carousel/optimized/IMG_5863.webp,74546,,,webp,Velo Gallery,2026-01-05T13:02:04+0100
/public/Velo Gallery/gallery-carousel/optimized/IMG_5834.webp,85820,,,webp,Velo Gallery,2026-01-05T13:01:55+0100
/public/Velo Gallery/gallery-carousel/optimized/why us .webp,110872,,,webp,Velo Gallery,2026-01-05T13:01:58+0100
/public/Velo Gallery/gallery-carousel/optimized/DSC00254.webp,53232,,,webp,Velo Gallery,2026-01-05T13:02:06+0100
/public/Velo Gallery/gallery-carousel/optimized/SPRITYVARIATIONE.webp,90010,,,webp,Velo Gallery,2026-01-05T13:02:15+0100
/public/Velo Gallery/gallery-carousel/optimized/DSC00346.webp,55094,,,webp,Velo Gallery,2026-01-05T13:02:06+0100
/public/Velo Gallery/gallery-carousel/optimized/DSC07929.webp,162660,,,webp,Velo Gallery,2026-01-05T13:02:03+0100
/public/Velo Gallery/gallery-carousel/optimized/DSC00185.webp,48594,,,webp,Velo Gallery,2026-01-05T13:02:08+0100
/public/Velo Gallery/gallery-carousel/optimized/IMG_1440.webp,93988,,,webp,Velo Gallery,2026-01-05T13:02:13+0100
/public/Velo Gallery/gallery-carousel/optimized/1d4a0f80-a847-4418-a8e0-004c4582a2a0.webp,382380,,,webp,Velo Gallery,2026-01-05T13:02:16+0100
/public/Velo Gallery/gallery-carousel/optimized/20230326-DSC05298.webp,40100,,,webp,Velo Gallery,2026-01-05T13:02:00+0100
/public/Velo Gallery/gallery-carousel/optimized/Basil smash.webp,59648,,,webp,Velo Gallery,2026-01-05T13:02:12+0100
/public/Velo Gallery/gallery-carousel/optimized/032B467F-3EC9-4C01-9B4D-C11C02CD8ED6.webp,581082,,,webp,Velo Gallery,2026-01-05T13:02:13+0100
/public/Velo Gallery/gallery-carousel/optimized/20210814-DSC06342.webp,37340,,,webp,Velo Gallery,2026-01-05T13:02:10+0100
/public/Velo Gallery/gallery-carousel/optimized/DSC07850.webp,22354,,,webp,Velo Gallery,2026-01-05T13:02:12+0100
/public/Velo Gallery/gallery-carousel/optimized/sebi.webp,44166,,,webp,Velo Gallery,2026-01-05T13:02:13+0100
/public/Velo Gallery/gallery-carousel/optimized/DSC00209.webp,43380,,,webp,Velo Gallery,2026-01-05T13:02:08+0100
/public/Velo Gallery/gallery-carousel/optimized/Gallerie.webp,30542,,,webp,Velo Gallery,2026-01-05T13:02:06+0100
/public/Velo Gallery/gallery-carousel/optimized/A7401220.webp,172922,,,webp,Velo Gallery,2026-01-05T13:02:16+0100
/public/Velo Gallery/gallery-carousel/optimized/DSC09679.webp,262462,,,webp,Velo Gallery,2026-01-05T13:01:56+0100
/public/Velo Gallery/gallery-carousel/optimized/G7.webp,66070,,,webp,Velo Gallery,2026-01-05T13:02:07+0100
/public/Velo Gallery/gallery-carousel/optimized/DSC00337.webp,44320,,,webp,Velo Gallery,2026-01-05T13:02:09+0100
/public/Velo Gallery/gallery-carousel/optimized/DSC00418.webp,112942,,,webp,Velo Gallery,2026-01-05T13:02:07+0100
/public/Velo Gallery/gallery-carousel/optimized/20210814-DSC06359.webp,68472,,,webp,Velo Gallery,2026-01-05T13:02:05+0100
/public/Velo Gallery/gallery-carousel/optimized/Schenker-E-LKW-70.webp,71618,,,webp,Velo Gallery,2026-01-05T13:02:02+0100
/public/Velo Gallery/gallery-carousel/optimized/Hochzeiten.webp,393888,,,webp,Velo Gallery,2026-01-05T13:02:16+0100
/public/Velo Gallery/gallery-carousel/optimized/DSC07847.webp,45934,,,webp,Velo Gallery,2026-01-05T13:02:11+0100
/public/Velo Gallery/gallery-carousel/optimized/DSC00143.webp,169338,,,webp,Velo Gallery,2026-01-05T13:01:59+0100
/public/Velo Gallery/gallery-carousel/optimized/IMG_3839.webp,228482,,,webp,Velo Gallery,2026-01-05T13:02:17+0100
/public/Velo Gallery/gallery-carousel/optimized/DSC03519.webp,30784,,,webp,Velo Gallery,2026-01-05T13:02:03+0100
/public/Velo Gallery/gallery-carousel/optimized/G5.webp,230394,,,webp,Velo Gallery,2026-01-05T13:01:55+0100
/public/Velo Gallery/gallery-carousel/optimized/20210910-DSC04622.webp,224048,,,webp,Velo Gallery,2026-01-05T13:02:06+0100
/public/Velo Gallery/gallery-carousel/optimized/Galerie.webp,113086,,,webp,Velo Gallery,2026-01-05T13:02:07+0100
/public/Velo Gallery/gallery-carousel/optimized/Messen.webp,94018,,,webp,Velo Gallery,2026-01-05T13:01:56+0100
/public/Velo Gallery/gallery-carousel/optimized/Firmenfeier.webp,198686,,,webp,Velo Gallery,2026-01-05T13:02:04+0100
/public/Velo Gallery/gallery-carousel/optimized/our story .webp,97124,,,webp,Velo Gallery,2026-01-05T13:02:02+0100
/public/Velo Gallery/gallery-carousel/optimized/DSC00174.webp,74012,,,webp,Velo Gallery,2026-01-05T13:02:05+0100
/public/Velo Gallery/gallery-carousel/optimized/G4.webp,105466,,,webp,Velo Gallery,2026-01-05T13:02:00+0100
/public/Velo Gallery/gallery-carousel/optimized/TeamEvent und Workshops.webp,227668,,,webp,Velo Gallery,2026-01-05T13:01:55+0100
/public/Velo Gallery/gallery-carousel/optimized/DSC07828.webp,44580,,,webp,Velo Gallery,2026-01-05T13:02:10+0100
/public/Velo Gallery/gallery-carousel/optimized/G8.webp,66606,,,webp,Velo Gallery,2026-01-05T13:02:13+0100
/public/Velo Gallery/gallery-carousel/optimized/MANGO ROSMARIN.webp,40892,,,webp,Velo Gallery,2026-01-05T13:02:01+0100
/public/Velo Gallery/gallery-carousel/optimized/G3.webp,196020,,,webp,Velo Gallery,2026-01-05T13:02:00+0100
/public/Velo Gallery/gallery-carousel/optimized/DSC00260.webp,54248,,,webp,Velo Gallery,2026-01-05T13:02:08+0100
/public/Velo Gallery/gallery-carousel/optimized/DSC08563.webp,126970,,,webp,Velo Gallery,2026-01-05T13:02:14+0100
/public/Velo Gallery/gallery-carousel/optimized/DSC00391.webp,68238,,,webp,Velo Gallery,2026-01-05T13:02:05+0100
/public/Velo Gallery/gallery-carousel/optimized/Himbeer Hibiskus FIZZ.webp,71882,,,webp,Velo Gallery,2026-01-05T13:02:09+0100
/public/Velo Gallery/gallery-carousel/optimized/DSC08372.webp,167854,,,webp,Velo Gallery,2026-01-05T13:02:14+0100
/public/Velo Gallery/gallery-carousel/optimized/IMG_7543.webp,95980,,,webp,Velo Gallery,2026-01-05T13:02:12+0100
/public/Velo Gallery/gallery-carousel/optimized/MINZ MARACUJA.webp,25536,,,webp,Velo Gallery,2026-01-05T13:02:11+0100
/public/Velo Gallery/gallery-carousel/optimized/FAA20C66-CF13-464D-8309-B200753B0391.webp,177444,,,webp,Velo Gallery,2026-01-05T13:02:14+0100
/public/Velo Gallery/gallery-carousel/optimized/DSC07875.webp,45150,,,webp,Velo Gallery,2026-01-05T13:02:10+0100
/public/Velo Gallery/gallery-carousel/optimized/Schenker-E-LKW-23.webp,35206,,,webp,Velo Gallery,2026-01-05T13:02:04+0100
/public/Velo Gallery/gallery-carousel/optimized/A7401419.webp,98650,,,webp,Velo Gallery,2026-01-05T13:02:16+0100
/public/Velo Gallery/gallery-carousel/optimized/9127B453-BD48-4C38-AE31-8963BB99F72D.webp,544710,,,webp,Velo Gallery,2026-01-05T13:02:14+0100
/public/Velo Gallery/gallery-carousel/optimized/G2.webp,97124,,,webp,Velo Gallery,2026-01-05T13:02:02+0100
/public/Velo Gallery/gallery-carousel/20210814-DSC06342-80w.webp,1484,,,webp,Velo Gallery,2026-01-04T15:00:59+0100
/public/Velo Gallery/gallery-carousel/IMG_5834-80w.webp,2684,,,webp,Velo Gallery,2026-01-04T15:00:28+0100
/public/Velo Gallery/gallery-carousel/why us -80w.webp,1366,,,webp,Velo Gallery,2026-01-04T15:00:33+0100
/public/Velo Gallery/gallery-carousel/Messen-120w.webp,5570,,,webp,Velo Gallery,2026-01-04T15:00:22+0100
/public/Velo Gallery/gallery-carousel/Firmenfeier.JPG,17515355,,,jpg,Velo Gallery,2026-01-03T17:02:18+0100
/public/Velo Gallery/gallery-carousel/A7401318-80w.webp,2140,,,webp,Velo Gallery,2026-01-04T15:00:53+0100
/public/Velo Gallery/gallery-carousel/DSC00209-640w.jpg,56431,,,jpg,Velo Gallery,2026-01-04T14:47:22+0100
/public/Velo Gallery/gallery-carousel/A7401419-640w.jpg,95071,,,jpg,Velo Gallery,2026-01-04T14:47:26+0100
/public/Velo Gallery/gallery-carousel/TeamEvent und Workshops-120w.webp,7040,,,webp,Velo Gallery,2026-01-04T15:00:18+0100
/public/Velo Gallery/gallery-carousel/MANGO ROSMARIN.jpg,21531869,,,jpg,Velo Gallery,2026-01-03T17:02:22+0100
/public/Velo Gallery/gallery-carousel/Schenker-E-LKW-70-640w.jpg,77185,,,jpg,Velo Gallery,2026-01-04T14:46:51+0100
/public/Velo Gallery/gallery-carousel/DSC07850-320w.jpg,13044,,,jpg,Velo Gallery,2026-01-04T14:47:15+0100
/public/Velo Gallery/gallery-carousel/Kontakt Sebi-80w.webp,2286,,,webp,Velo Gallery,2026-01-04T15:00:23+0100
/public/Velo Gallery/gallery-carousel/DSC08372-80w.webp,1408,,,webp,Velo Gallery,2026-01-04T15:00:37+0100
/public/Velo Gallery/gallery-carousel/DSC08372-120w.webp,2630,,,webp,Velo Gallery,2026-01-04T15:00:37+0100
/public/Velo Gallery/gallery-carousel/20230326-DSC05298.jpg,21689340,,,jpg,Velo Gallery,2026-01-03T17:02:15+0100
/public/Velo Gallery/gallery-carousel/CD2A9D8A-EC59-4ACB-87BE-F348982277BD-640w.webp,93856,,,webp,Velo Gallery,2026-01-04T14:47:25+0100
/public/Velo Gallery/gallery-carousel/IMG_5863-120w.webp,5476,,,webp,Velo Gallery,2026-01-04T15:00:25+0100
/public/Velo Gallery/gallery-carousel/Schenker-E-LKW-70-80w.webp,1686,,,webp,Velo Gallery,2026-01-04T15:00:20+0100
/public/Velo Gallery/gallery-carousel/DSC07828-120w.webp,2902,,,webp,Velo Gallery,2026-01-04T15:00:40+0100
/public/Velo Gallery/gallery-carousel/G4-120w.webp,5228,,,webp,Velo Gallery,2026-01-04T15:00:31+0100
/public/Velo Gallery/gallery-carousel/A7401419-640w.webp,64572,,,webp,Velo Gallery,2026-01-04T14:47:26+0100
/public/Velo Gallery/gallery-carousel/IMG_7543-320w.jpg,11747,,,jpg,Velo Gallery,2026-01-04T14:46:56+0100
/public/Velo Gallery/gallery-carousel/DSC08372-640w.jpg,53366,,,jpg,Velo Gallery,2026-01-04T14:47:13+0100
/public/Velo Gallery/gallery-carousel/Kontakt Sebi-640w.jpg,73776,,,jpg,Velo Gallery,2026-01-04T14:46:56+0100
/public/Velo Gallery/gallery-carousel/DSC00209-320w.webp,13156,,,webp,Velo Gallery,2026-01-04T14:47:22+0100
/public/Velo Gallery/gallery-carousel/6353f60f-e06b-4a82-9faf-afec2a55a9fd.JPG,362699,,,jpg,Velo Gallery,2026-01-03T17:02:15+0100
/public/Velo Gallery/gallery-carousel/Himbeer Hibiskus FIZZ-320w.jpg,27220,,,jpg,Velo Gallery,2026-01-04T14:47:01+0100
/public/Velo Gallery/gallery-carousel/1d4a0f80-a847-4418-a8e0-004c4582a2a0-320w.webp,15540,,,webp,Velo Gallery,2026-01-04T14:47:32+0100
/public/Velo Gallery/gallery-carousel/DSC00254.jpg,14123773,,,jpg,Velo Gallery,2026-01-03T17:02:16+0100
/public/Velo Gallery/gallery-carousel/IMG_3839-320w.webp,33578,,,webp,Velo Gallery,2026-01-04T14:47:00+0100
/public/Velo Gallery/gallery-carousel/032B467F-3EC9-4C01-9B4D-C11C02CD8ED6.JPG,3256004,,,jpg,Velo Gallery,2026-01-03T17:02:14+0100
/public/Velo Gallery/gallery-carousel/why us -640w.jpg,40168,,,jpg,Velo Gallery,2026-01-04T14:47:09+0100
/public/Velo Gallery/gallery-carousel/Team-320w.webp,10342,,,webp,Velo Gallery,2026-01-04T14:46:49+0100
/public/Velo Gallery/gallery-carousel/G3-320w.webp,42466,,,webp,Velo Gallery,2026-01-04T14:47:07+0100
/public/Velo Gallery/gallery-carousel/DSC00260-120w.webp,4250,,,webp,Velo Gallery,2026-01-04T15:00:48+0100
/public/Velo Gallery/gallery-carousel/G7-640w.webp,16190,,,webp,Velo Gallery,2026-01-04T14:47:04+0100
/public/Velo Gallery/gallery-carousel/A7401419-80w.webp,2548,,,webp,Velo Gallery,2026-01-04T15:00:53+0100
/public/Velo Gallery/gallery-carousel/IMG_1440-320w.webp,20690,,,webp,Velo Gallery,2026-01-04T14:47:00+0100
/public/Velo Gallery/gallery-carousel/DSC00337-320w.jpg,20310,,,jpg,Velo Gallery,2026-01-04T14:47:20+0100
/public/Velo Gallery/gallery-carousel/A7401318-640w.jpg,67697,,,jpg,Velo Gallery,2026-01-04T14:47:26+0100
/public/Velo Gallery/gallery-carousel/DSC00209-80w.webp,2174,,,webp,Velo Gallery,2026-01-04T15:00:50+0100
/public/Velo Gallery/gallery-carousel/Schenker-E-LKW-23-640w.webp,23646,,,webp,Velo Gallery,2026-01-04T14:46:52+0100
/public/Velo Gallery/gallery-carousel/DSC00418-640w.webp,27072,,,webp,Velo Gallery,2026-01-04T14:47:18+0100
/public/Velo Gallery/gallery-carousel/20210910-DSC04622-120w.webp,2708,,,webp,Velo Gallery,2026-01-04T15:00:56+0100
/public/Velo Gallery/gallery-carousel/Gallerie.jpg,14021960,,,jpg,Velo Gallery,2026-01-03T17:02:20+0100
/public/Velo Gallery/gallery-carousel/Firmenfeier-640w.jpg,52569,,,jpg,Velo Gallery,2026-01-04T14:47:10+0100
/public/Velo Gallery/gallery-carousel/IMG_5834-640w.jpg,85892,,,jpg,Velo Gallery,2026-01-04T14:46:59+0100
/public/Velo Gallery/gallery-carousel/20210814-DSC06342.JPG,12373175,,,jpg,Velo Gallery,2026-01-03T17:02:14+0100
/public/Velo Gallery/gallery-carousel/Himbeer Hibiskus FIZZ.jpg,12700012,,,jpg,Velo Gallery,2026-01-03T17:02:20+0100
/public/Velo Gallery/gallery-carousel/SPRITYVARIATIONE-640w.webp,23620,,,webp,Velo Gallery,2026-01-04T14:46:53+0100
/public/Velo Gallery/gallery-carousel/20210814-DSC06342-640w.jpg,48449,,,jpg,Velo Gallery,2026-01-04T14:47:32+0100
/public/Velo Gallery/gallery-carousel/DSC00185-320w.webp,13958,,,webp,Velo Gallery,2026-01-04T14:47:23+0100
/public/Velo Gallery/gallery-carousel/20210814-DSC06359-320w.webp,19240,,,webp,Velo Gallery,2026-01-04T14:47:31+0100
/public/Velo Gallery/gallery-carousel/c8a071b1-b05a-4f91-8c11-cf1bd7348172-80w.webp,2380,,,webp,Velo Gallery,2026-01-04T15:00:18+0100
/public/Velo Gallery/gallery-carousel/DSC00337.jpg,12795071,,,jpg,Velo Gallery,2026-01-03T17:02:16+0100
/public/Velo Gallery/gallery-carousel/Messen-320w.webp,27034,,,webp,Velo Gallery,2026-01-04T14:46:53+0100
/public/Velo Gallery/gallery-carousel/Basil smash-80w.webp,1848,,,webp,Velo Gallery,2026-01-04T15:00:53+0100
/public/Velo Gallery/gallery-carousel/DSC07929-320w.jpg,18136,,,jpg,Velo Gallery,2026-01-04T14:47:13+0100
/public/Velo Gallery/gallery-carousel/Gallerie-80w.webp,1464,,,webp,Velo Gallery,2026-01-04T15:00:29+0100
/public/Velo Gallery/gallery-carousel/DSC00346-640w.webp,36178,,,webp,Velo Gallery,2026-01-04T14:47:19+0100
/public/Velo Gallery/gallery-carousel/20230326-DSC05298-320w.jpg,17842,,,jpg,Velo Gallery,2026-01-04T14:47:28+0100
/public/Velo Gallery/gallery-carousel/A7401220-320w.jpg,17435,,,jpg,Velo Gallery,2026-01-04T14:47:27+0100
/public/Velo Gallery/gallery-carousel/DSC00174-320w.webp,21752,,,webp,Velo Gallery,2026-01-04T14:47:24+0100
/public/Velo Gallery/gallery-carousel/A7401318-320w.webp,14570,,,webp,Velo Gallery,2026-01-04T14:47:26+0100
/public/Velo Gallery/gallery-carousel/Team-320w.jpg,14349,,,jpg,Velo Gallery,2026-01-04T14:46:50+0100
/public/Velo Gallery/gallery-carousel/A7401220-640w.webp,37934,,,webp,Velo Gallery,2026-01-04T14:47:27+0100
/public/Velo Gallery/gallery-carousel/DSC00391-320w.jpg,27455,,,jpg,Velo Gallery,2026-01-04T14:47:18+0100
/public/Velo Gallery/gallery-carousel/DSC07828-80w.webp,1550,,,webp,Velo Gallery,2026-01-04T15:00:40+0100
/public/Velo Gallery/gallery-carousel/DSC00185-640w.jpg,58932,,,jpg,Velo Gallery,2026-01-04T14:47:23+0100
/public/Velo Gallery/gallery-carousel/TeamEvent und Workshops-320w.webp,49696,,,webp,Velo Gallery,2026-01-04T14:46:48+0100
/public/Velo Gallery/gallery-carousel/032B467F-3EC9-4C01-9B4D-C11C02CD8ED6-320w.jpg,16555,,,jpg,Velo Gallery,2026-01-04T14:47:32+0100
/public/Velo Gallery/gallery-carousel/3767168a-4c5c-4d36-bf20-8e390b86336c-320w.jpg,13954,,,jpg,Velo Gallery,2026-01-04T14:47:27+0100
/public/Velo Gallery/gallery-carousel/MINZ MARACUJA-640w.jpg,36801,,,jpg,Velo Gallery,2026-01-04T14:46:54+0100
/public/Velo Gallery/gallery-carousel/DSC00254-320w.webp,14412,,,webp,Velo Gallery,2026-01-04T14:47:21+0100
/public/Velo Gallery/gallery-carousel/G5-320w.webp,15748,,,webp,Velo Gallery,2026-01-04T14:47:05+0100
/public/Velo Gallery/gallery-carousel/20210814-DSC06359-80w.webp,2620,,,webp,Velo Gallery,2026-01-04T15:00:58+0100
/public/Velo Gallery/gallery-carousel/sebi-120w.webp,3548,,,webp,Velo Gallery,2026-01-04T15:00:37+0100
/public/Velo Gallery/gallery-carousel/Messen-320w.jpg,34977,,,jpg,Velo Gallery,2026-01-04T14:46:53+0100
/public/Velo Gallery/gallery-carousel/Galerie-80w.webp,1278,,,webp,Velo Gallery,2026-01-04T15:00:29+0100
/public/Velo Gallery/gallery-carousel/9524cdce-648f-47e1-aac2-dda4fa56b5ec-640w.webp,91680,,,webp,Velo Gallery,2026-01-04T14:47:27+0100
/public/Velo Gallery/gallery-carousel/1d4a0f80-a847-4418-a8e0-004c4582a2a0-320w.jpg,17938,,,jpg,Velo Gallery,2026-01-04T14:47:32+0100
/public/Velo Gallery/gallery-carousel/53D8BEA9-DC8B-4A1C-BBF0-7776EAE2FAA7-640w.webp,33006,,,webp,Velo Gallery,2026-01-04T14:47:27+0100
/public/Velo Gallery/gallery-carousel/DSC07850.jpg,10322898,,,jpg,Velo Gallery,2026-01-03T17:02:17+0100
/public/Velo Gallery/gallery-carousel/SPRITYVARIATIONE-640w.jpg,37852,,,jpg,Velo Gallery,2026-01-04T14:46:53+0100
/public/Velo Gallery/gallery-carousel/DSC07875-120w.webp,1570,,,webp,Velo Gallery,2026-01-04T15:00:38+0100
/public/Velo Gallery/gallery-carousel/DSC07847-320w.webp,3888,,,webp,Velo Gallery,2026-01-04T14:47:15+0100
/public/Velo Gallery/gallery-carousel/Firmenfeier-120w.webp,2506,,,webp,Velo Gallery,2026-01-04T15:00:35+0100
/public/Velo Gallery/gallery-carousel/DSC09679-120w.webp,3126,,,webp,Velo Gallery,2026-01-04T15:00:36+0100
/public/Velo Gallery/gallery-carousel/DSC07875-320w.jpg,8935,,,jpg,Velo Gallery,2026-01-04T14:47:14+0100
/public/Velo Gallery/gallery-carousel/c8a071b1-b05a-4f91-8c11-cf1bd7348172-120w.webp,4408,,,webp,Velo Gallery,2026-01-04T15:00:18+0100
/public/Velo Gallery/gallery-carousel/G7-320w.jpg,11280,,,jpg,Velo Gallery,2026-01-04T14:47:04+0100
/public/Velo Gallery/gallery-carousel/DSC00260-320w.jpg,23907,,,jpg,Velo Gallery,2026-01-04T14:47:21+0100
/public/Velo Gallery/gallery-carousel/Schenker-E-LKW-23-640w.jpg,43625,,,jpg,Velo Gallery,2026-01-04T14:46:52+0100
/public/Velo Gallery/gallery-carousel/sebi-640w.jpg,54967,,,jpg,Velo Gallery,2026-01-04T14:47:12+0100
/public/Velo Gallery/gallery-carousel/G2-640w.jpg,33840,,,jpg,Velo Gallery,2026-01-04T14:47:08+0100
/public/Velo Gallery/gallery-carousel/c8a071b1-b05a-4f91-8c11-cf1bd7348172.JPG,300752,,,jpg,Velo Gallery,2026-01-03T17:02:24+0100
/public/Velo Gallery/gallery-carousel/G2-120w.webp,1926,,,webp,Velo Gallery,2026-01-04T15:00:33+0100
/public/Velo Gallery/gallery-carousel/G3-640w.jpg,152122,,,jpg,Velo Gallery,2026-01-04T14:47:08+0100
/public/Velo Gallery/gallery-carousel/CD2A9D8A-EC59-4ACB-87BE-F348982277BD-80w.webp,2158,,,webp,Velo Gallery,2026-01-04T15:00:53+0100
/public/Velo Gallery/gallery-carousel/IMG_6918-640w.jpg,42885,,,jpg,Velo Gallery,2026-01-04T14:46:57+0100
/public/Velo Gallery/gallery-carousel/6353f60f-e06b-4a82-9faf-afec2a55a9fd-320w.webp,14062,,,webp,Velo Gallery,2026-01-04T14:47:27+0100
/public/Velo Gallery/gallery-carousel/Team Lars-640w.webp,56854,,,webp,Velo Gallery,2026-01-04T14:46:50+0100
/public/Velo Gallery/gallery-carousel/FAA20C66-CF13-464D-8309-B200753B0391-80w.webp,1510,,,webp,Velo Gallery,2026-01-04T15:00:35+0100
/public/Velo Gallery/gallery-carousel/MANGO ROSMARIN-320w.webp,10668,,,webp,Velo Gallery,2026-01-04T14:46:55+0100
/public/Velo Gallery/gallery-carousel/5635c176-c3f9-4c04-880a-a5824c44b6e7-120w.webp,4576,,,webp,Velo Gallery,2026-01-04T15:00:54+0100
/public/Velo Gallery/gallery-carousel/DSC00337-640w.webp,28658,,,webp,Velo Gallery,2026-01-04T14:47:20+0100
/public/Velo Gallery/gallery-carousel/20230326-DSC05298-120w.webp,2712,,,webp,Velo Gallery,2026-01-04T15:00:55+0100
/public/Velo Gallery/gallery-carousel/DSC00143-640w.jpg,136064,,,jpg,Velo Gallery,2026-01-04T14:47:25+0100
/public/Velo Gallery/gallery-carousel/IMG_6918-120w.webp,2812,,,webp,Velo Gallery,2026-01-04T15:00:24+0100
/public/Velo Gallery/gallery-carousel/G8-320w.webp,5862,,,webp,Velo Gallery,2026-01-04T14:47:03+0100
/public/Velo Gallery/gallery-carousel/Hochzeiten-640w.jpg,73740,,,jpg,Velo Gallery,2026-01-04T14:47:01+0100
/public/Velo Gallery/gallery-carousel/IMG_3839-640w.jpg,123814,,,jpg,Velo Gallery,2026-01-04T14:47:00+0100
/public/Velo Gallery/gallery-carousel/IMG_7543-120w.webp,1948,,,webp,Velo Gallery,2026-01-04T15:00:24+0100
/public/Velo Gallery/gallery-carousel/DSC03519-640w.jpg,40432,,,jpg,Velo Gallery,2026-01-04T14:47:17+0100
/public/Velo Gallery/gallery-carousel/Kontakt Sebi-320w.webp,19942,,,webp,Velo Gallery,2026-01-04T14:46:56+0100
/public/Velo Gallery/gallery-carousel/20210814-DSC06342-640w.webp,24748,,,webp,Velo Gallery,2026-01-04T14:47:32+0100
/public/Velo Gallery/gallery-carousel/Basil smash.jpg,11049094,,,jpg,Velo Gallery,2026-01-03T17:02:15+0100
/public/Velo Gallery/gallery-carousel/2120d94a-01b1-4d15-8904-81955542d988-120w.webp,2316,,,webp,Velo Gallery,2026-01-04T15:00:54+0100
/public/Velo Gallery/gallery-carousel/DSC07847.jpg,11943378,,,jpg,Velo Gallery,2026-01-03T17:02:17+0100
/public/Velo Gallery/gallery-carousel/Schenker-E-LKW-70-120w.webp,3310,,,webp,Velo Gallery,2026-01-04T15:00:20+0100
/public/Velo Gallery/gallery-carousel/DSC00254-320w.jpg,22161,,,jpg,Velo Gallery,2026-01-04T14:47:21+0100
/public/Velo Gallery/gallery-carousel/G4-80w.webp,2688,,,webp,Velo Gallery,2026-01-04T15:00:31+0100
/public/Velo Gallery/gallery-carousel/G5-80w.webp,1458,,,webp,Velo Gallery,2026-01-04T15:00:30+0100
/public/Velo Gallery/gallery-carousel/DSC00143-640w.webp,108004,,,webp,Velo Gallery,2026-01-04T14:47:25+0100
/public/Velo Gallery/gallery-carousel/2120d94a-01b1-4d15-8904-81955542d988-320w.jpg,18129,,,jpg,Velo Gallery,2026-01-04T14:47:28+0100
/public/Velo Gallery/gallery-carousel/Hochzeiten-120w.webp,2800,,,webp,Velo Gallery,2026-01-04T15:00:29+0100
/public/Velo Gallery/gallery-carousel/9524cdce-648f-47e1-aac2-dda4fa56b5ec-80w.webp,1982,,,webp,Velo Gallery,2026-01-04T15:00:54+0100
/public/Velo Gallery/gallery-carousel/FAA20C66-CF13-464D-8309-B200753B0391-320w.webp,14400,,,webp,Velo Gallery,2026-01-04T14:47:11+0100
/public/Velo Gallery/gallery-carousel/DSC07929-640w.webp,39020,,,webp,Velo Gallery,2026-01-04T14:47:13+0100
/public/Velo Gallery/gallery-carousel/Team Lars-80w.webp,2182,,,webp,Velo Gallery,2026-01-04T15:00:19+0100
/public/Velo Gallery/gallery-carousel/53D8BEA9-DC8B-4A1C-BBF0-7776EAE2FAA7-640w.jpg,50043,,,jpg,Velo Gallery,2026-01-04T14:47:27+0100
/public/Velo Gallery/gallery-carousel/MINZ MARACUJA-120w.webp,2228,,,webp,Velo Gallery,2026-01-04T15:00:23+0100
/public/Velo Gallery/gallery-carousel/DSC00418-320w.jpg,14102,,,jpg,Velo Gallery,2026-01-04T14:47:18+0100
/public/Velo Gallery/gallery-carousel/G8-640w.jpg,24936,,,jpg,Velo Gallery,2026-01-04T14:47:03+0100
/public/Velo Gallery/gallery-carousel/A7401318.jpg,734052,,,jpg,Velo Gallery,2026-01-03T17:02:15+0100
/public/Velo Gallery/gallery-carousel/weihnachstfeier-320w.webp,14368,,,webp,Velo Gallery,2026-01-04T14:46:47+0100
/public/Velo Gallery/gallery-carousel/TeamEvent und Workshops-80w.webp,3136,,,webp,Velo Gallery,2026-01-04T15:00:18+0100
/public/Velo Gallery/gallery-carousel/why us -320w.webp,10210,,,webp,Velo Gallery,2026-01-04T14:47:09+0100
/public/Velo Gallery/gallery-carousel/3767168a-4c5c-4d36-bf20-8e390b86336c-640w.webp,28538,,,webp,Velo Gallery,2026-01-04T14:47:28+0100
/public/Velo Gallery/gallery-carousel/a30d6ea6-fa0a-4492-b744-7d3e13e444e6-320w.webp,13924,,,webp,Velo Gallery,2026-01-04T14:46:48+0100
/public/Velo Gallery/gallery-carousel/6353f60f-e06b-4a82-9faf-afec2a55a9fd-80w.webp,1580,,,webp,Velo Gallery,2026-01-04T15:00:54+0100
/public/Velo Gallery/gallery-carousel/IMG_5834-320w.webp,21246,,,webp,Velo Gallery,2026-01-04T14:46:58+0100
/public/Velo Gallery/gallery-carousel/IMG_5834.JPG,57381923,,,jpg,Velo Gallery,2026-01-03T17:02:21+0100
/public/Velo Gallery/gallery-carousel/DSC03519-640w.webp,20544,,,webp,Velo Gallery,2026-01-04T14:47:17+0100
/public/Velo Gallery/gallery-carousel/20210910-DSC04622-320w.jpg,18634,,,jpg,Velo Gallery,2026-01-04T14:47:29+0100
/public/Velo Gallery/basil-smash-120w.webp,3576,120,180,webp,Velo Gallery,2026-01-04T15:01:10+0100
/public/Velo Gallery/A7401220-120w.webp,2734,120,80,webp,Velo Gallery,2026-01-04T15:05:51+0100
/public/Velo Gallery/minz-maracuja-80w.webp,1384,80,120,webp,Velo Gallery,2026-01-04T15:01:09+0100
/public/Velo Gallery/A7401220-1920w-80w.webp,1358,80,53,webp,Velo Gallery,2026-01-04T15:01:10+0100
/public/Velo Gallery/himbeer-hibiskus-fizz-120w.webp,3988,120,180,webp,Velo Gallery,2026-01-04T15:01:07+0100
/public/Velo Gallery/wedding-bar-320w.jpg,19396,320,239,jpg,Velo Gallery,2026-01-04T14:47:34+0100
/public/Velo Gallery/event-1-120w.webp,2598,120,80,webp,Velo Gallery,2026-01-04T15:01:06+0100
/public/Velo Gallery/mango-rosmarin.jpg,21531869,5358,8037,jpg,Velo Gallery,2026-01-05T11:37:36+0100
/public/Velo Gallery/wedding-bar-120w.webp,2800,120,90,webp,Velo Gallery,2026-01-04T15:01:02+0100
/public/Velo Gallery/DSC09743-640w.jpg,108626,640,960,jpg,Velo Gallery,2026-01-03T16:49:38+0100
/public/Velo Gallery/drinks-selection-640w.webp,23620,640,427,webp,Velo Gallery,2026-01-04T14:47:37+0100
/public/Velo Gallery/mango-rosmarin-320w.webp,10668,320,480,webp,Velo Gallery,2026-01-04T14:47:38+0100
/public/Velo Gallery/event-2-640w.webp,20884,640,427,webp,Velo Gallery,2026-01-04T14:47:35+0100
/public/Velo Gallery/20220317-_W147453-1920w-80w.webp,1306,80,53,webp,Velo Gallery,2026-01-04T15:01:10+0100
/public/Velo Gallery/DSC09743-640w-80w.webp,2674,80,120,webp,Velo Gallery,2026-01-04T15:01:10+0100
/public/Velo Gallery/gin-tasting-80w.webp,1464,80,53,webp,Velo Gallery,2026-01-04T15:01:04+0100
/public/Velo Gallery/mobile-bar-hero-320w.jpg,19693,320,480,jpg,Velo Gallery,2026-01-04T14:47:32+0100
/public/Velo Gallery/A7401220-1920w-120w.webp,2734,120,80,webp,Velo Gallery,2026-01-04T15:01:10+0100
/public/Velo Gallery/DSC09743-640w-120w.webp,5088,120,180,webp,Velo Gallery,2026-01-04T15:01:10+0100
/public/Velo Gallery/mobile-bar-setup-640w.webp,11832,640,427,webp,Velo Gallery,2026-01-04T14:47:33+0100
/public/Velo Gallery/minz-maracuja.jpg,11517941,5760,8640,jpg,Velo Gallery,2026-01-05T11:37:36+0100
/public/Velo Gallery/mango-rosmarin-320w.jpg,18164,320,480,jpg,Velo Gallery,2026-01-04T14:47:39+0100
/public/Velo Gallery/event-3-640w.jpg,152122,640,960,jpg,Velo Gallery,2026-01-04T14:47:34+0100
/public/Velo Gallery/event-2-640w.jpg,33840,640,427,jpg,Velo Gallery,2026-01-04T14:47:35+0100
/public/Velo Gallery/minz-maracuja-120w.webp,2228,120,180,webp,Velo Gallery,2026-01-04T15:01:09+0100
/public/Velo Gallery/wedding-bar.jpg,765562,2048,1534,jpg,Velo Gallery,2026-01-03T16:55:49+0100
/public/Velo Gallery/basil-smash-320w.jpg,23073,320,480,jpg,Velo Gallery,2026-01-04T14:47:40+0100
/public/Velo Gallery/event-1-320w.webp,10210,320,213,webp,Velo Gallery,2026-01-04T14:47:36+0100
/public/Velo Gallery/mobile-bar-hero-640w.webp,28686,640,960,webp,Velo Gallery,2026-01-04T14:47:33+0100
/public/Velo Gallery/wedding-bar-320w.webp,17338,320,239,webp,Velo Gallery,2026-01-04T14:47:34+0100
/public/Velo Gallery/event-2-80w.webp,1098,80,53,webp,Velo Gallery,2026-01-04T15:01:03+0100
/public/Velo Gallery/event-3-80w.webp,3200,80,120,webp,Velo Gallery,2026-01-04T15:01:02+0100
/public/Velo Gallery/mobile-bar-setup.jpg,11965161,8640,5760,jpg,Velo Gallery,2026-01-05T11:37:36+0100
/public/Velo Gallery/drinks-selection-320w.jpg,14251,320,213,jpg,Velo Gallery,2026-01-04T14:47:37+0100
/public/Velo Gallery/gin-tasting-640w.jpg,53227,640,427,jpg,Velo Gallery,2026-01-04T14:47:36+0100
/public/Velo Gallery/DSC09743-640w-640w.jpg,91110,640,960,jpg,Velo Gallery,2026-01-04T14:47:40+0100
/public/Velo Gallery/mango-rosmarin-120w.webp,2788,120,180,webp,Velo Gallery,2026-01-04T15:01:08+0100
/public/Velo Gallery/DSC09743-640w-320w.webp,22982,320,480,webp,Velo Gallery,2026-01-04T14:47:40+0100
/public/Velo Gallery/A7401220-1920w-320w.webp,13966,320,213,webp,Velo Gallery,2026-01-04T14:47:41+0100
/public/Velo Gallery/20220317-_W147453-1920w-640w.jpg,52262,640,427,jpg,Velo Gallery,2026-01-04T14:47:41+0100
/public/Velo Gallery/drinks-selection.jpg,1676372,8640,5760,jpg,Velo Gallery,2026-01-03T16:54:42+0100
/public/Velo Gallery/DSC09743-80w.webp,2674,80,120,webp,Velo Gallery,2026-01-04T15:05:51+0100
/public/Velo Gallery/minz-maracuja-320w.webp,7768,320,480,webp,Velo Gallery,2026-01-04T14:47:39+0100
/public/Velo Gallery/event-1-320w.jpg,14620,320,213,jpg,Velo Gallery,2026-01-04T14:47:37+0100
/public/Velo Gallery/mobile-bar-setup-320w.jpg,8935,320,213,jpg,Velo Gallery,2026-01-04T14:47:33+0100
/public/Velo Gallery/private-feiern/private-feiern-120w.webp,2632,120,90,webp,Velo Gallery,2026-01-04T15:05:51+0100
/public/Velo Gallery/private-feiern/private-feiern-1920w-320w.jpg,19773,320,240,jpg,Velo Gallery,2026-01-04T14:47:41+0100
/public/Velo Gallery/private-feiern/private-feiern-1920w-320w.webp,19992,320,240,webp,Velo Gallery,2026-01-04T14:47:41+0100
/public/Velo Gallery/private-feiern/private-feiern-1920w-120w.webp,2632,120,90,webp,Velo Gallery,2026-01-04T15:01:11+0100
/public/Velo Gallery/private-feiern/private-feiern-80w.webp,1242,80,60,webp,Velo Gallery,2026-01-04T15:05:51+0100
/public/Velo Gallery/private-feiern/private-feiern-1920w.webp,893662,1920,1440,webp,Velo Gallery,2026-01-03T16:49:27+0100
/public/Velo Gallery/private-feiern/private-feiern-1920w-640w.webp,85102,640,480,webp,Velo Gallery,2026-01-04T14:47:41+0100
/public/Velo Gallery/private-feiern/optimized/private-feiern-1920w.webp,465654,1440,1080,webp,Velo Gallery,2026-01-05T13:02:15+0100
/public/Velo Gallery/private-feiern/private-feiern-1920w-80w.webp,1242,80,60,webp,Velo Gallery,2026-01-04T15:01:11+0100
/public/Velo Gallery/private-feiern/private-feiern-1920w-640w.jpg,82496,640,480,jpg,Velo Gallery,2026-01-04T14:47:41+0100
/public/Velo Gallery/20220317-_W147453-80w.webp,1306,80,53,webp,Velo Gallery,2026-01-04T15:05:51+0100
/public/Velo Gallery/himbeer-hibiskus-fizz-320w.jpg,27220,320,481,jpg,Velo Gallery,2026-01-04T14:47:38+0100
/public/Velo Gallery/minz-maracuja-640w.jpg,36801,640,960,jpg,Velo Gallery,2026-01-04T14:47:40+0100
/public/Velo Gallery/20220317-_W147453-1920w-640w.webp,38000,640,427,webp,Velo Gallery,2026-01-04T14:47:41+0100
/public/Velo Gallery/basil-smash-320w.webp,16104,320,480,webp,Velo Gallery,2026-01-04T14:47:40+0100
/public/Velo Gallery/event-3-640w.webp,130572,640,960,webp,Velo Gallery,2026-01-04T14:47:34+0100
/public/Velo Gallery/A7401220-1920w-640w.jpg,52653,640,427,jpg,Velo Gallery,2026-01-04T14:47:41+0100
/public/Velo Gallery/A7401220-80w.webp,1358,80,53,webp,Velo Gallery,2026-01-04T15:05:51+0100
/public/Velo Gallery/himbeer-hibiskus-fizz-320w.webp,19064,320,481,webp,Velo Gallery,2026-01-04T14:47:38+0100
/public/Velo Gallery/20220317-_W147453-1920w-320w.jpg,16705,320,213,jpg,Velo Gallery,2026-01-04T14:47:41+0100
/public/Velo Gallery/mobile-bar-hero-120w.webp,2902,120,180,webp,Velo Gallery,2026-01-04T15:01:00+0100
/public/Velo Gallery/drinks-selection-320w.webp,10206,320,213,webp,Velo Gallery,2026-01-04T14:47:37+0100
/public/Velo Gallery/event-2.jpg,19991306,8640,5760,jpg,Velo Gallery,2026-01-05T11:37:34+0100
/public/Velo Gallery/basil-smash.jpg,11049094,4672,7008,jpg,Velo Gallery,2026-01-05T11:37:33+0100
/public/Velo Gallery/mango-rosmarin-640w.webp,26952,640,960,webp,Velo Gallery,2026-01-04T14:47:39+0100
/public/Velo Gallery/event-2-320w.webp,8022,320,213,webp,Velo Gallery,2026-01-04T14:47:35+0100
/public/Velo Gallery/event-3.jpg,22117493,4965,7448,jpg,Velo Gallery,2026-01-05T11:37:34+0100
/public/Velo Gallery/teamevent-und-workshops/teamevent-und-workshops-1920w.webp,958146,1920,2880,webp,Velo Gallery,2026-01-03T16:49:27+0100
/public/Velo Gallery/teamevent-und-workshops/teamevent-und-workshops-1920w-120w.webp,7136,120,180,webp,Velo Gallery,2026-01-04T15:01:10+0100
/public/Velo Gallery/teamevent-und-workshops/teamevent-und-workshops-1920w-640w.jpg,162900,640,960,jpg,Velo Gallery,2026-01-04T14:47:41+0100
/public/Velo Gallery/teamevent-und-workshops/teamevent-und-workshops-1920w-80w.webp,3156,80,120,webp,Velo Gallery,2026-01-04T15:01:10+0100
/public/Velo Gallery/teamevent-und-workshops/teamevent-und-workshops-1920w-320w.webp,48326,320,480,webp,Velo Gallery,2026-01-04T14:47:41+0100
/public/Velo Gallery/teamevent-und-workshops/teamevent-und-workshops-120w.webp,7136,120,180,webp,Velo Gallery,2026-01-04T15:05:51+0100
/public/Velo Gallery/teamevent-und-workshops/optimized/teamevent-und-workshops-1920w.webp,217584,720,1080,webp,Velo Gallery,2026-01-05T13:02:15+0100
/public/Velo Gallery/teamevent-und-workshops/teamevent-und-workshops-1920w-320w.jpg,48086,320,480,jpg,Velo Gallery,2026-01-04T14:47:41+0100
/public/Velo Gallery/teamevent-und-workshops/teamevent-und-workshops-1920w-640w.webp,149996,640,960,webp,Velo Gallery,2026-01-04T14:47:41+0100
/public/Velo Gallery/teamevent-und-workshops/teamevent-und-workshops-80w.webp,3156,80,120,webp,Velo Gallery,2026-01-04T15:05:51+0100
/public/Velo Gallery/event-1-640w.jpg,40168,640,427,jpg,Velo Gallery,2026-01-04T14:47:37+0100
/public/Velo Gallery/mobile-bar-setup-640w.jpg,22378,640,427,jpg,Velo Gallery,2026-01-04T14:47:33+0100
/public/Velo Gallery/20220317-_W147453-1920w.webp,278178,1920,1280,webp,Velo Gallery,2026-01-03T16:49:38+0100
/public/Velo Gallery/basil-smash-80w.webp,1848,80,120,webp,Velo Gallery,2026-01-04T15:01:10+0100
/public/Velo Gallery/event-1.jpg,24705230,8640,5760,jpg,Velo Gallery,2026-01-05T11:37:33+0100
/public/Velo Gallery/mobile-bar-setup-320w.webp,5274,320,213,webp,Velo Gallery,2026-01-04T14:47:33+0100
/public/Velo Gallery/mobile-bar-hero-80w.webp,1550,80,120,webp,Velo Gallery,2026-01-04T15:01:00+0100
/public/Velo Gallery/mango-rosmarin-80w.webp,1554,80,120,webp,Velo Gallery,2026-01-04T15:01:08+0100
/public/Velo Gallery/drinks-selection-640w.jpg,37852,640,427,jpg,Velo Gallery,2026-01-04T14:47:37+0100
/public/Velo Gallery/DSC09743-640w-320w.jpg,31125,320,480,jpg,Velo Gallery,2026-01-04T14:47:40+0100
/public/Velo Gallery/gin-tasting-320w.jpg,18136,320,213,jpg,Velo Gallery,2026-01-04T14:47:36+0100
/public/Velo Gallery/himbeer-hibiskus-fizz.jpg,12700012,4422,6633,jpg,Velo Gallery,2026-01-05T11:37:35+0100
/public/Velo Gallery/gin-tasting-320w.webp,15476,320,213,webp,Velo Gallery,2026-01-04T14:47:35+0100
/public/Velo Gallery/event-3-120w.webp,6824,120,180,webp,Velo Gallery,2026-01-04T15:01:02+0100
/public/Velo Gallery/20220317-_W147453-1920w-120w.webp,2472,120,80,webp,Velo Gallery,2026-01-04T15:01:10+0100
/public/Velo Gallery/hochzeit/hochzeiten-1920w.webp,674854,1920,1438,webp,Velo Gallery,2026-01-03T16:49:27+0100
/public/Velo Gallery/hochzeit/hochzeiten-1920w-640w.jpg,72719,640,479,jpg,Velo Gallery,2026-01-04T14:47:41+0100
/public/Velo Gallery/hochzeit/hochzeiten-1920w-80w.webp,1420,80,60,webp,Velo Gallery,2026-01-04T15:01:11+0100
/public/Velo Gallery/hochzeit/hochzeiten-1920w-640w.webp,66120,640,479,webp,Velo Gallery,2026-01-04T14:47:41+0100
/public/Velo Gallery/hochzeit/hochzeiten-80w.webp,1420,80,60,webp,Velo Gallery,2026-01-04T15:05:51+0100
/public/Velo Gallery/hochzeit/hochzeiten-1920w-120w.webp,2780,120,90,webp,Velo Gallery,2026-01-04T15:01:11+0100
/public/Velo Gallery/hochzeit/optimized/hochzeiten-1920w.webp,339424,1442,1080,webp,Velo Gallery,2026-01-05T13:02:17+0100
/public/Velo Gallery/hochzeit/hochzeiten-1920w-320w.webp,17658,320,240,webp,Velo Gallery,2026-01-04T14:47:41+0100
/public/Velo Gallery/hochzeit/hochzeiten-120w.webp,2780,120,90,webp,Velo Gallery,2026-01-04T15:05:51+0100
/public/Velo Gallery/hochzeit/hochzeiten-1920w-320w.jpg,19271,320,240,jpg,Velo Gallery,2026-01-04T14:47:41+0100
/public/Velo Gallery/optimized/gin-tasting.webp,162660,1620,1080,webp,Velo Gallery,2026-01-05T13:02:03+0100
/public/Velo Gallery/optimized/basil-smash.webp,59648,720,1080,webp,Velo Gallery,2026-01-05T13:02:12+0100
/public/Velo Gallery/optimized/drinks-selection.webp,90010,1620,1080,webp,Velo Gallery,2026-01-05T13:02:14+0100
/public/Velo Gallery/optimized/A7401220-1920w.webp,173976,1620,1080,webp,Velo Gallery,2026-01-05T13:02:15+0100
/public/Velo Gallery/optimized/event-1.webp,110872,1620,1080,webp,Velo Gallery,2026-01-05T13:01:58+0100
/public/Velo Gallery/optimized/bar-icon.webp,90010,1620,1080,webp,Velo Gallery,2026-01-05T13:02:14+0100
/public/Velo Gallery/optimized/partner2.webp,110872,1620,1080,webp,Velo Gallery,2026-01-05T13:01:58+0100
/public/Velo Gallery/optimized/partner3.webp,90010,1620,1080,webp,Velo Gallery,2026-01-05T13:02:15+0100
/public/Velo Gallery/optimized/himbeer-hibiskus-fizz.webp,71882,720,1080,webp,Velo Gallery,2026-01-05T13:02:09+0100
/public/Velo Gallery/optimized/mobile-bar-setup.webp,45150,1620,1080,webp,Velo Gallery,2026-01-05T13:02:10+0100
/public/Velo Gallery/optimized/minz-maracuja.webp,25536,720,1080,webp,Velo Gallery,2026-01-05T13:02:11+0100
/public/Velo Gallery/optimized/partner1.webp,173976,1620,1080,webp,Velo Gallery,2026-01-05T13:02:15+0100
/public/Velo Gallery/optimized/wedding-bar.webp,393888,1442,1080,webp,Velo Gallery,2026-01-05T13:02:16+0100
/public/Velo Gallery/optimized/mango-rosmarin.webp,40892,720,1080,webp,Velo Gallery,2026-01-05T13:02:01+0100
/public/Velo Gallery/optimized/event-2.webp,97124,1620,1080,webp,Velo Gallery,2026-01-05T13:02:01+0100
/public/Velo Gallery/optimized/mobile-bar-hero.webp,44580,720,1080,webp,Velo Gallery,2026-01-05T13:02:09+0100
/public/Velo Gallery/optimized/event-3.webp,196020,720,1080,webp,Velo Gallery,2026-01-05T13:01:59+0100
/public/Velo Gallery/wedding-bar-80w.webp,1464,80,60,webp,Velo Gallery,2026-01-04T15:01:02+0100
/public/Velo Gallery/A7401220-1920w.jpg,861283,1920,1280,jpg,Velo Gallery,2026-01-03T16:49:38+0100
/public/Velo Gallery/minz-maracuja-320w.jpg,14352,320,480,jpg,Velo Gallery,2026-01-04T14:47:39+0100
/public/Velo Gallery/himbeer-hibiskus-fizz-640w.jpg,78511,640,960,jpg,Velo Gallery,2026-01-04T14:47:38+0100
/public/Velo Gallery/A7401220-1920w-320w.jpg,17374,320,213,jpg,Velo Gallery,2026-01-04T14:47:41+0100
/public/Velo Gallery/himbeer-hibiskus-fizz-80w.webp,2218,80,120,webp,Velo Gallery,2026-01-04T15:01:07+0100
/public/Velo Gallery/gin-tasting-120w.webp,2978,120,80,webp,Velo Gallery,2026-01-04T15:01:05+0100
/public/Velo Gallery/basil-smash-640w.webp,40732,640,960,webp,Velo Gallery,2026-01-04T14:47:40+0100
/public/Velo Gallery/20220317-_W147453-1920w-320w.webp,12942,320,213,webp,Velo Gallery,2026-01-04T14:47:41+0100
/public/Velo Gallery/event-3-320w.webp,42466,320,481,webp,Velo Gallery,2026-01-04T14:47:34+0100
/public/Velo Gallery/DSC09743-120w.webp,5088,120,180,webp,Velo Gallery,2026-01-04T15:05:51+0100
/public/Velo Gallery/wedding-bar-640w.jpg,73740,640,479,jpg,Velo Gallery,2026-01-04T14:47:34+0100
/public/Velo Gallery/gin-tasting.jpg,18464162,8640,5760,jpg,Velo Gallery,2026-01-05T11:37:35+0100
/public/Velo Gallery/himbeer-hibiskus-fizz-640w.webp,48040,640,960,webp,Velo Gallery,2026-01-04T14:47:38+0100
/public/Velo Gallery/drinks-selection-120w.webp,2514,120,80,webp,Velo Gallery,2026-01-04T15:01:06+0100
/public/Velo Gallery/drinks-selection-80w.webp,1402,80,53,webp,Velo Gallery,2026-01-04T15:01:06+0100
/public/Velo Gallery/wedding-bar-640w.webp,66122,640,479,webp,Velo Gallery,2026-01-04T14:47:34+0100
/public/Velo Gallery/mobile-bar-hero-640w.jpg,54139,640,960,jpg,Velo Gallery,2026-01-04T14:47:33+0100
/public/Velo Gallery/event-1-640w.webp,24858,640,427,webp,Velo Gallery,2026-01-04T14:47:37+0100
/public/Velo Gallery/mango-rosmarin-640w.jpg,51582,640,960,jpg,Velo Gallery,2026-01-04T14:47:39+0100
/public/Velo Gallery/mobile-bar-hero-320w.webp,12064,320,480,webp,Velo Gallery,2026-01-04T14:47:32+0100
/public/Velo Gallery/mobile-bar-hero.jpg,12570875,5760,8640,jpg,Velo Gallery,2026-01-05T11:37:36+0100
/public/Velo Gallery/event-2-320w.jpg,11852,320,213,jpg,Velo Gallery,2026-01-04T14:47:35+0100
/public/Velo Gallery/event-3-320w.jpg,45834,320,481,jpg,Velo Gallery,2026-01-04T14:47:34+0100
/public/Velo Gallery/event-2-120w.webp,1926,120,80,webp,Velo Gallery,2026-01-04T15:01:04+0100
/public/Velo Gallery/20220317-_W147453-120w.webp,2472,120,80,webp,Velo Gallery,2026-01-04T15:05:51+0100
/public/Velo Gallery/basil-smash-640w.jpg,65892,640,960,jpg,Velo Gallery,2026-01-04T14:47:40+0100
/public/Velo Gallery/DSC09743-640w-640w.webp,57428,640,960,webp,Velo Gallery,2026-01-04T14:47:40+0100
/public/Velo Gallery/mobile-bar-setup-120w.webp,1570,120,80,webp,Velo Gallery,2026-01-04T15:01:01+0100
/public/Velo Gallery/mobile-bar-setup-80w.webp,1016,80,53,webp,Velo Gallery,2026-01-04T15:01:01+0100
/public/Velo Gallery/A7401220-1920w-640w.webp,37702,640,427,webp,Velo Gallery,2026-01-04T14:47:41+0100
/public/Velo Gallery/event-1-80w.webp,1366,80,53,webp,Velo Gallery,2026-01-04T15:01:06+0100
/public/Velo Gallery/minz-maracuja-640w.webp,17380,640,960,webp,Velo Gallery,2026-01-04T14:47:39+0100
/public/Velo Gallery/firemnfeier/firmenfeier-1920w-80w.webp,1306,80,53,webp,Velo Gallery,2026-01-04T15:01:11+0100
/public/Velo Gallery/firemnfeier/firmenfeier-1920w.webp,278178,1920,1280,webp,Velo Gallery,2026-01-03T16:49:10+0100
/public/Velo Gallery/firemnfeier/firmenfeier-1920w-640w.webp,38000,640,427,webp,Velo Gallery,2026-01-04T14:47:42+0100
/public/Velo Gallery/firemnfeier/firmenfeier-1920w-640w.jpg,52262,640,427,jpg,Velo Gallery,2026-01-04T14:47:42+0100
/public/Velo Gallery/firemnfeier/firmenfeier-1920w-120w.webp,2472,120,80,webp,Velo Gallery,2026-01-04T15:01:11+0100
/public/Velo Gallery/firemnfeier/firmenfeier-80w.webp,1306,80,53,webp,Velo Gallery,2026-01-04T15:05:51+0100
/public/Velo Gallery/firemnfeier/firmenfeier-1920w-320w.jpg,16705,320,213,jpg,Velo Gallery,2026-01-04T14:47:42+0100
/public/Velo Gallery/firemnfeier/firmenfeier-1920w-320w.webp,12942,320,213,webp,Velo Gallery,2026-01-04T14:47:42+0100
/public/Velo Gallery/firemnfeier/firmenfeier-120w.webp,2472,120,80,webp,Velo Gallery,2026-01-04T15:05:51+0100
/public/Velo Gallery/messen/messen-1920w.webp,337918,1920,2880,webp,Velo Gallery,2026-01-03T16:49:27+0100
/public/Velo Gallery/messen/messen-1920w-640w.webp,62426,640,960,webp,Velo Gallery,2026-01-04T14:47:41+0100
/public/Velo Gallery/messen/messen-80w.webp,2882,80,120,webp,Velo Gallery,2026-01-04T15:05:51+0100
/public/Velo Gallery/messen/messen-1920w-320w.jpg,34036,320,480,jpg,Velo Gallery,2026-01-04T14:47:41+0100
/public/Velo Gallery/messen/messen-1920w-320w.webp,25916,320,480,webp,Velo Gallery,2026-01-04T14:47:41+0100
/public/Velo Gallery/messen/messen-120w.webp,5510,120,180,webp,Velo Gallery,2026-01-04T15:05:51+0100
/public/Velo Gallery/messen/messen-1920w-640w.jpg,96751,640,960,jpg,Velo Gallery,2026-01-04T14:47:41+0100
/public/Velo Gallery/messen/messen-1920w-80w.webp,2882,80,120,webp,Velo Gallery,2026-01-04T15:01:11+0100
/public/Velo Gallery/messen/messen-1920w-120w.webp,5510,120,180,webp,Velo Gallery,2026-01-04T15:01:11+0100
/public/velo.svg,119486,780,630,svg,velo.svg,2026-01-01T20:49:22+0100
/public/custom-hero.jpg,19396,320,239,jpg,custom-hero.jpg,2026-01-04T15:28:46+0100
/public/icons/barkeeper.svg,490,128,128,svg,icons,2026-01-01T22:54:06+0100
/public/icons/certificate.svg,704,128,128,svg,icons,2026-01-01T22:54:10+0100
/public/icons/time.svg,481,128,128,svg,icons,2026-01-01T22:54:28+0100
/public/icons/crown.svg,508,128,128,svg,icons,2026-01-01T22:53:21+0100
/public/icons/bar.svg,681,128,128,svg,icons,2026-01-01T22:54:03+0100
/public/icons/insurance.svg,555,128,128,svg,icons,2026-01-01T22:54:25+0100
/public/icons/deco.svg,413,128,128,svg,icons,2026-01-01T22:54:16+0100
/public/icons/guests.svg,725,128,128,svg,icons,2026-01-01T22:54:23+0100
/public/icons/cocktails.svg,589,128,128,svg,icons,2026-01-01T22:54:13+0100
/public/icons/eco.svg,512,128,128,svg,icons,2026-01-01T22:54:19+0100
/public/Diamond.svg,265,64,64,svg,Diamond.svg,2026-01-04T14:18:39+0100
/public/assets/images/hero/business-hero.webp,518,512,512,webp,assets,2026-01-04T15:27:03+0100
/public/assets/images/photos/bar-team-interaction.webp,518,512,512,webp,assets,2026-01-04T15:27:29+0100
/public/assets/_originals/custom-background.jpg,19396,320,239,jpg,assets,2026-01-04T15:28:50+0100
/public/assets/custom-background.webp,18410,320,239,webp,assets,2026-01-04T15:28:50+0100
/public/assets/custom-background.jpg,19396,320,239,jpg,assets,2026-01-04T15:25:28+0100
/public/assets/custom-background-320w.webp,18410,320,239,webp,assets,2026-01-04T15:28:50+0100